Date,Time,Bot,Symbol,Side,Amount,Price,Value,Fee,OrderID
2025-10-31,00:57:19.717,unknown,BTC/USD,SELL,0.00183,109446.6,200.29,0.000000,2287118695
2025-10-31,00:57:20.040,unknown,BTC/USD,SELL,0.00183,109518.2,200.42,0.000000,2287123894
2025-10-31,04:41:28.230,unknown,BTC/USD,SELL,0.00058,110184.2,63.91,0.000000,2287132643
2025-10-31,09:02:24.774,unknown,BTC/USD,SELL,0.001,110184.2,110.18,0.000000,2287132643
2025-10-31,09:02:24.784,unknown,BTC/USD,SELL,0.00024,110184.2,26.44,0.000000,2287132643
2025-10-31,12:05:17.512,unknown,BTC/USD,SELL,0.00181,110595.67,200.18,0.000000,2287118697
2025-10-31,14:55:08.305,unknown,BTC/USD,SELL,0.00181,110668,200.31,0.000000,2287123896
2025-11-03,04:04:18.379,unknown,BTC/USD,BUY,0.00185,107870.6,199.56,0.000000,2287143657
2025-11-03,06:48:35.778,unknown,BTC/USD,BUY,0.00187,107218.6,200.50,0.000000,2287129964
2025-11-03,15:29:01.624,unknown,BTC/USD,BUY,0.00189,106085.1,200.50,0.000000,2285872301
2025-11-03,15:31:05.343,unknown,BTC/USD,BUY,0.00189,105871,200.10,0.000000,2286642055
2025-11-03,15:31:05.390,unknown,BTC/USD,BUY,0.00189,105847.5,200.05,0.000000,2285870758
2025-11-03,15:31:05.395,unknown,BTC/USD,BUY,0.00189,105800,199.96,0.000000,2285873702
2025-11-04,05:44:28.382,unknown,BTC/USD,BUY,0.0019,105000,199.50,0.000000,2285873701
2025-11-04,05:44:28.382,unknown,BTC/USD,BUY,0.0019,105000,199.50,0.000000,2285874230
2025-11-04,08:14:52.013,unknown,BTC/USD,BUY,0.00193,103881.27,200.49,0.000000,2287248817
2025-11-04,16:21:32.623,unknown,BTC/USD,BUY,0.00195,102704.13,200.27,0.000000,2287248816
2025-11-04,17:03:08.359,unknown,BTC/USD,BUY,0.00196,102013.2,199.95,0.000000,2287155072
2025-11-04,17:09:42.854,unknown,BTC/USD,BUY,0.00197,101527,200.01,0.000000,2287248815
2025-11-04,17:17:32.905,unknown,BTC/USD,BUY,0.00198,100844,199.67,0.000000,2287155071
2025-11-04,21:31:49.231,unknown,BTC/USD,BUY,0.002,99773,199.55,0.000000,2287132171
2025-11-04,21:42:35.572,unknown,BTC/USD,BUY,0.00202,99105,200.19,0.000000,2287118011
2025-11-15,11:35:02.506,unknown,BTC/USD,SELL,0.053,95723.57,5073.35,0.000515,2291788115
2025-11-15,11:35:02.506,unknown,BTC/USD,SELL,0.00005,95698.59,4.78,0.000000,2291788115
2025-11-15,11:35:02.506,unknown,BTC/USD,SELL,0.00002,95666.08,1.91,0.000000,2291788115
2025-11-15,11:35:02.506,unknown,BTC/USD,SELL,0.00005,95650,4.78,0.000000,2291788115
2025-11-15,11:35:02.506,unknown,BTC/USD,SELL,0.00013,95643.84,12.43,0.000001,2291788115
2025-11-15,11:35:02.506,unknown,BTC/USD,SELL,0.0087,95613.77,831.84,0.000084,2291788115
2025-11-15,20:43:38.964,unknown,BTC/USD,BUY,0.00209,95541.73,199.68,0.000000,2291835224
2025-11-15,20:51:21.822,unknown,BTC/USD,BUY,0.001,95317.4,95.32,0.000000,2291793508
2025-11-15,20:51:37.757,unknown,BTC/USD,BUY,0.0011,95317.4,104.85,0.000000,2291793508
2025-11-15,20:52:44.958,unknown,BTC/USD,BUY,0.0021,95252.27,200.03,0.000000,2291793230
2025-11-15,20:54:22.786,unknown,BTC/USD,BUY,0.00083,95135.4,78.96,0.000000,2291790575
2025-11-15,20:56:23.033,unknown,BTC/USD,BUY,0.00087,95135.4,82.77,0.000000,2291790575
2025-11-15,20:56:51.333,unknown,BTC/USD,BUY,0.0004,95135.4,38.05,0.000000,2291790575
2025-11-16,01:01:32.324,unknown,BTC/USD,BUY,0.0021,95104.07,199.72,0.000000,2291792186
2025-11-16,01:01:34.075,unknown,BTC/USD,BUY,0.00024,95086.13,22.82,0.000000,2291791252
2025-11-16,01:40:19.746,unknown,BTC/USD,BUY,0.00186,95086.13,176.86,0.000000,2291791252
2025-11-16,15:57:13.417,unknown,BTC/USD,BUY,0.00212,94517.2,200.38,0.000000,2291835223
2025-11-16,16:24:45.446,unknown,BTC/USD,BUY,0.00212,94295.2,199.91,0.000000,2291793507
2025-11-16,16:27:09.172,unknown,BTC/USD,BUY,0.00212,94230.8,199.77,0.000000,2291793229
2025-11-16,17:44:53.137,unknown,BTC/USD,BUY,0.00213,94115.2,200.47,0.000000,2291790574
2025-11-16,17:44:53.137,unknown,BTC/USD,BUY,0.00213,94084.2,200.40,0.000000,2291792185
2025-11-16,17:44:53.383,unknown,BTC/USD,BUY,0.00213,94066.4,200.36,0.000000,2291791250
2025-11-16,21:43:54.253,unknown,BTC/USD,BUY,0.00214,93507.67,200.11,0.000000,2291835323
2025-11-16,21:43:56.214,unknown,BTC/USD,BUY,0.00214,93492.67,200.07,0.000000,2291835221
2025-11-16,22:04:13.848,unknown,BTC/USD,BUY,0.00027,93273,25.18,0.000000,2291793506
2025-11-16,22:04:26.463,unknown,BTC/USD,BUY,0.00023,93273,21.45,0.000000,2291793506
2025-11-16,22:04:32.771,unknown,BTC/USD,BUY,0.00164,93273,152.97,0.000000,2291793506
2025-11-16,22:05:05.324,unknown,BTC/USD,BUY,0.00215,93209.33,200.40,0.000000,2291793228
2025-11-16,23:02:51.798,unknown,BTC/USD,BUY,0.00215,93095,200.15,0.000000,2291790570
2025-11-16,23:02:53.215,unknown,BTC/USD,BUY,0.00215,93064.33,200.09,0.000000,2291792184
2025-11-16,23:02:54.343,unknown,BTC/USD,BUY,0.00215,93046.67,200.05,0.000000,2291791248
2025-11-16,23:51:36.276,unknown,BTC/USD,SELL,0.00032,94517.2,30.25,0.000000,2292106660
2025-11-17,00:27:02.473,unknown,BTC/USD,SELL,0.0018,94517.2,170.13,0.000000,2292106660
2025-11-17,07:37:40.543,unknown,BTC/USD,SELL,0.00095,95541.73,90.76,0.000000,2292011673
2025-11-17,07:37:42.217,unknown,BTC/USD,SELL,0.00114,95541.73,108.92,0.000000,2292011673
2025-11-17,13:29:06.075,unknown,BTC/USD,BUY,0.00212,94517.2,200.38,0.000000,2292225594
2025-11-17,14:36:47.142,unknown,BTC/USD,SELL,0.00209,95541.73,199.68,0.000000,2292263499
2025-11-17,15:08:31.907,unknown,BTC/USD,BUY,0.00212,94517.2,200.38,0.000000,2292297293
2025-11-17,16:06:19.344,unknown,BTC/USD,BUY,0.00214,93492.67,200.07,0.000000,2292155023
2025-11-17,18:30:00.574,unknown,BTC/USD,BUY,0.00166,92482.93,153.52,0.000000,2291835321
2025-11-17,18:30:01.345,unknown,BTC/USD,BUY,0.00041,92482.93,37.92,0.000000,2291835321
2025-11-17,18:30:07.499,unknown,BTC/USD,BUY,0.00009,92482.93,8.32,0.000000,2291835321
2025-11-17,18:30:23.719,unknown,BTC/USD,BUY,0.00216,92468.13,199.73,0.000000,2291835220
2025-11-17,19:16:37.624,unknown,BTC/USD,BUY,0.00217,92250.8,200.18,0.000000,2291793505
2025-11-17,19:19:39.688,unknown,BTC/USD,BUY,0.00217,92187.87,200.05,0.000000,2291793227
2025-11-17,19:25:28.161,unknown,BTC/USD,BUY,0.00048,92074.8,44.20,0.000000,2291790569
2025-11-17,19:26:32.690,unknown,BTC/USD,BUY,0.00169,92074.8,155.61,0.000000,2291790569
2025-11-17,19:32:11.624,unknown,BTC/USD,BUY,0.00217,92044.47,199.74,0.000000,2291792183
2025-11-17,19:32:32.975,unknown,BTC/USD,BUY,0.00217,92026.93,199.70,0.000000,2291791247
2025-11-17,20:02:29.541,unknown,BTC/USD,BUY,0.00136,91458.2,124.38,0.000000,2291835319
2025-11-17,20:02:30.162,unknown,BTC/USD,BUY,0.00083,91458.2,75.91,0.000000,2291835319
2025-11-17,20:02:30.270,unknown,BTC/USD,BUY,0.00219,91443.6,200.26,0.000000,2291835219
2025-11-18,02:06:04.663,unknown,BTC/USD,BUY,0.00219,91228.6,199.79,0.000000,2291793504
2025-11-18,02:13:15.026,unknown,BTC/USD,BUY,0.00219,91166.4,199.65,0.000000,2291793226
2025-11-18,02:16:21.060,unknown,BTC/USD,BUY,0.00007,91054.6,6.37,0.000000,2291790568
2025-11-18,02:16:44.275,unknown,BTC/USD,BUY,0.00213,91054.6,193.95,0.000000,2291790568
2025-11-18,02:16:51.117,unknown,BTC/USD,BUY,0.0022,91024.6,200.25,0.000000,2291792182
2025-11-18,02:16:51.228,unknown,BTC/USD,BUY,0.0022,91007.2,200.22,0.000000,2291791246
2025-11-18,03:04:13.731,unknown,BTC/USD,BUY,0.00221,90433.47,199.86,0.000000,2291835318
2025-11-18,03:04:13.731,unknown,BTC/USD,BUY,0.00221,90419.07,199.83,0.000000,2291835218
2025-11-18,03:24:13.976,unknown,BTC/USD,BUY,0.00222,90206.4,200.26,0.000000,2291793503
2025-11-18,03:26:23.044,unknown,BTC/USD,BUY,0.00222,90144.93,200.12,0.000000,2291793225
2025-11-18,03:30:40.286,unknown,BTC/USD,BUY,0.00222,90034.4,199.88,0.000000,2291790567
2025-11-18,03:30:43.514,unknown,BTC/USD,BUY,0.00222,90004.73,199.81,0.000000,2291792181
2025-11-18,03:30:52.979,unknown,BTC/USD,BUY,0.00222,89987.47,199.77,0.000000,2291791245
2025-11-18,04:47:30.553,unknown,BTC/USD,BUY,0.00224,89408.73,200.28,0.000000,2291835317
2025-11-18,04:47:30.553,unknown,BTC/USD,BUY,0.00224,89394.53,200.24,0.000000,2291835215
2025-11-18,07:46:20.480,unknown,BTC/USD,SELL,0.00063,90419.06,56.96,0.000000,2292638161
2025-11-18,07:48:21.220,unknown,BTC/USD,SELL,0.00056,90419.06,50.63,0.000000,2292638161
2025-11-18,08:00:22.686,unknown,BTC/USD,SELL,0.00102,90419.06,92.23,0.000000,2292638161
2025-11-18,11:41:57.693,unknown,BTC/USD,SELL,0.00015,91443.6,13.72,0.000000,2292593266
2025-11-18,11:42:02.948,unknown,BTC/USD,SELL,0.00027,91443.6,24.69,0.000000,2292593266
2025-11-18,11:42:07.687,unknown,BTC/USD,SELL,0.00027,91443.6,24.69,0.000000,2292593266
2025-11-18,11:42:11.864,unknown,BTC/USD,SELL,0.00027,91443.6,24.69,0.000000,2292593266
2025-11-18,11:42:22.272,unknown,BTC/USD,SELL,0.00123,91443.6,112.48,0.000000,2292593266
2025-11-18,15:20:23.861,unknown,BTC/USD,SELL,0.00215,92468.13,198.81,0.000000,2292470569
2025-11-18,15:20:24.857,unknown,BTC/USD,SELL,0.00001,92468.13,0.92,0.000000,2292470569
2025-11-18,16:28:25.485,unknown,BTC/USD,SELL,0.00214,93492.66,200.07,0.000000,2292430563
2025-11-18,21:54:11.993,unknown,BTC/USD,BUY,0.00002,92468.13,1.85,0.000000,2292849548
2025-11-18,21:54:19.610,unknown,BTC/USD,BUY,0.00214,92468.13,197.88,0.000000,2292849548
2025-11-19,04:32:17.456,unknown,BTC/USD,BUY,0.00219,91443.6,200.26,0.000000,2292810215
2025-11-19,05:41:38.360,unknown,BTC/USD,BUY,0.00221,90419.07,199.83,0.000000,2292741023
2025-11-19,15:04:03.878,unknown,BTC/USD,SELL,0.00218,91819.6,200.17,0.000000,2293086786
2025-11-19,15:04:03.878,unknown,BTC/USD,SELL,0.00218,91828.67,200.19,0.000000,2293087560
2025-11-19,15:31:13.609,unknown,BTC/USD,BUY,0.0022,90854.34,199.88,0.000000,2293108368
2025-11-19,17:13:00.827,unknown,BTC/USD,BUY,0.00224,89394.53,200.24,0.000000,2292697146
2025-11-19,17:33:39.583,unknown,BTC/USD,BUY,0.00224,89184.2,199.77,0.000000,2291793501
2025-11-19,17:34:37.623,unknown,BTC/USD,BUY,0.00224,89123.47,199.64,0.000000,2291793224
2025-11-19,17:37:34.154,unknown,BTC/USD,BUY,0.00225,89014.2,200.28,0.000000,2291790566
2025-11-19,17:37:47.118,unknown,BTC/USD,BUY,0.00006,88984.87,5.34,0.000000,2291792180
2025-11-19,17:37:47.146,unknown,BTC/USD,BUY,0.00219,88984.87,194.88,0.000000,2291792180
2025-11-19,17:37:47.146,unknown,BTC/USD,BUY,0.00225,88967.73,200.18,0.000000,2291791244
2025-11-20,00:30:10.574,unknown,BTC/USD,SELL,0.00218,91828.67,200.19,0.000000,2293120539
2025-11-20,04:58:07.565,unknown,BTC/USD,SELL,0.00216,92719.87,200.27,0.000000,2292973736
2025-11-20,04:59:23.811,unknown,BTC/USD,SELL,0.00216,92793.8,200.43,0.000000,2293086787
2025-11-20,04:59:23.904,unknown,BTC/USD,SELL,0.00216,92803,200.45,0.000000,2293087561
2025-11-20,06:44:10.753,unknown,BTC/USD,BUY,0.0002,91828.67,18.37,0.000000,2293411130
2025-11-20,06:44:20.652,unknown,BTC/USD,BUY,0.00021,91828.67,19.28,0.000000,2293411130
2025-11-20,06:44:30.357,unknown,BTC/USD,BUY,0.00021,91828.67,19.28,0.000000,2293411130
2025-11-20,06:44:38.659,unknown,BTC/USD,BUY,0.00156,91828.67,143.25,0.000000,2293411130
2025-11-20,14:08:04.597,unknown,BTC/USD,BUY,0.00033,90854.34,29.98,0.000000,2293335621
2025-11-20,14:08:18.571,unknown,BTC/USD,BUY,0.00003,90854.34,2.73,0.000000,2293335621
2025-11-20,14:09:00.822,unknown,BTC/USD,BUY,0.00184,90854.34,167.17,0.000000,2293335621
2025-11-20,16:22:22.463,unknown,BTC/USD,BUY,0.00226,88384,199.75,0.000000,2291835316
2025-11-20,16:22:23.186,unknown,BTC/USD,BUY,0.00226,88370,199.72,0.000000,2291835214
2025-11-20,16:42:47.784,unknown,BTC/USD,BUY,0.0001,88162,8.82,0.000000,2291793499
2025-11-20,16:42:50.120,unknown,BTC/USD,BUY,0.00217,88162,191.31,0.000000,2291793499
2025-11-20,16:47:05.111,unknown,BTC/USD,BUY,0.00227,88102,199.99,0.000000,2291793223
2025-11-20,16:59:10.404,unknown,BTC/USD,BUY,0.00196,87994,172.47,0.000000,2291790565
2025-11-20,16:59:17.884,unknown,BTC/USD,BUY,0.00006,87994,5.28,0.000000,2291790565
2025-11-20,16:59:18.669,unknown,BTC/USD,BUY,0.00025,87994,22.00,0.000000,2291790565
2025-11-20,16:59:18.669,unknown,BTC/USD,BUY,0.00227,87965,199.68,0.000000,2291792179
2025-11-20,16:59:18.669,unknown,BTC/USD,BUY,0.00227,87948,199.64,0.000000,2291791243
2025-11-20,21:44:18.252,unknown,BTC/USD,SELL,0.00143,87453.47,125.06,0.000000,2293744059
2025-11-20,21:45:02.491,unknown,BTC/USD,SELL,0.00086,87453.47,75.21,0.000000,2293744059
2025-11-20,21:47:17.813,unknown,BTC/USD,SELL,0.00111,87544.93,97.17,0.000000,2293682644
2025-11-20,21:48:18.391,unknown,BTC/USD,SELL,0.00068,87544.93,59.53,0.000000,2293682644
2025-11-20,21:48:19.879,unknown,BTC/USD,SELL,0.00017,87544.93,14.88,0.000000,2293682644
2025-11-20,21:48:50.363,unknown,BTC/USD,SELL,0.00032,87544.93,28.01,0.000000,2293682644
2025-11-21,02:12:09.927,unknown,BTC/USD,BUY,0.00231,86525.54,199.87,0.000000,2293777629
2025-11-21,10:03:08.541,unknown,BTC/USD,BUY,0.00244,81971.73,200.01,0.000000,2293681893
2025-11-21,12:23:31.976,unknown,BTC/USD,BUY,0.00092,81042.87,74.56,0.000000,2293681887
2025-11-21,12:23:32.528,unknown,BTC/USD,BUY,0.00155,81042.87,125.62,0.000000,2293681887
2025-11-22,22:51:58.365,unknown,BTC/USD,SELL,0.00143,84889.33,121.39,0.000000,2294957485
2025-11-22,22:52:11.894,unknown,BTC/USD,SELL,0.00052,84889.33,44.14,0.000000,2294957485
2025-11-22,22:52:15.722,unknown,BTC/USD,SELL,0.0001,84889.33,8.49,0.000000,2294957485
2025-11-22,22:52:15.945,unknown,BTC/USD,SELL,0.00031,84889.33,26.32,0.000000,2294957485
2025-11-22,22:52:23.627,unknown,BTC/USD,SELL,0.00235,84944.67,199.62,0.000000,2294953451
2025-11-23,01:40:28.338,unknown,BTC/USD,SELL,0.00233,85790,199.89,0.000000,2294957492
2025-11-23,01:42:42.053,unknown,BTC/USD,SELL,0.00233,85846,200.02,0.000000,2294953463
2025-11-23,04:21:02.945,unknown,BTC/USD,SELL,0.0001,86690.67,8.67,0.000000,2294957493
2025-11-23,04:21:07.037,unknown,BTC/USD,SELL,0.0001,86690.67,8.67,0.000000,2294957493
2025-11-23,04:21:11.400,unknown,BTC/USD,SELL,0.0001,86690.67,8.67,0.000000,2294957493
2025-11-23,04:21:13.535,unknown,BTC/USD,SELL,0.00201,86690.67,174.25,0.000000,2294957493
2025-11-23,04:21:15.886,unknown,BTC/USD,SELL,0.00231,86747.33,200.39,0.000000,2294953464
2025-11-23,16:08:06.310,unknown,BTC/USD,SELL,0.00229,87453.47,200.27,0.000000,2293871364
2025-11-23,19:33:31.514,unknown,BTC/USD,SELL,0.00015,87591.33,13.14,0.000000,2294957494
2025-11-23,19:35:48.896,unknown,BTC/USD,SELL,0.00025,87591.33,21.90,0.000000,2294957494
2025-11-23,19:35:48.950,unknown,BTC/USD,SELL,0.00188,87591.33,164.67,0.000000,2294957494
2025-11-23,19:35:49.045,unknown,BTC/USD,SELL,0.00211,87648.67,184.94,0.000000,2294953465
2025-11-23,19:35:51.153,unknown,BTC/USD,SELL,0.00017,87648.67,14.90,0.000000,2294953465
2025-11-24,17:58:57.820,unknown,BTC/USD,SELL,0.00226,88381.4,199.74,0.000000,2293744071
2025-11-24,18:07:11.825,unknown,BTC/USD,SELL,0.00226,88473.8,199.95,0.000000,2293682651
2025-11-24,18:07:54.526,unknown,BTC/USD,SELL,0.00226,88550,200.12,0.000000,2294953469
2025-11-26,17:42:47.649,unknown,BTC/USD,SELL,0.00019,89309.33,16.97,0.000000,2293744086
2025-11-26,17:42:52.011,unknown,BTC/USD,SELL,0.00005,89309.33,4.47,0.000000,2293744086
2025-11-26,17:42:54.691,unknown,BTC/USD,SELL,0.002,89309.33,178.62,0.000000,2293744086
2025-11-26,17:44:28.124,unknown,BTC/USD,SELL,0.00224,89402.67,200.26,0.000000,2293682658
2025-11-26,17:45:08.118,unknown,BTC/USD,SELL,0.00224,89451.33,200.37,0.000000,2294953480
2025-11-26,18:16:36.695,unknown,BTC/USD,SELL,0.00222,90237.27,200.33,0.000000,2293744100
2025-11-26,18:26:50.590,unknown,BTC/USD,SELL,0.0001,90331.53,9.03,0.000000,2293682662
2025-11-26,18:27:11.933,unknown,BTC/USD,SELL,0.00022,90331.53,19.87,0.000000,2293682662
2025-11-26,18:27:23.702,unknown,BTC/USD,SELL,0.00029,90331.53,26.20,0.000000,2293682662
2025-11-26,18:27:28.412,unknown,BTC/USD,SELL,0.0016,90331.53,144.53,0.000000,2293682662
2025-11-26,18:27:35.207,unknown,BTC/USD,SELL,0.00221,90352.67,199.68,0.000000,2294953482
2025-11-27,01:56:12.925,unknown,BTC/USD,BUY,0.00011,90710,9.98,0.000001,2296811924
2025-11-27,02:06:16.950,unknown,BTC/USD,BUY,0.0001,91009.32,9.10,0.000001,2296818933
2025-11-27,02:06:17.148,unknown,BTC/USD,BUY,0.0001,91009.32,9.10,0.000001,2296818934
2025-11-27,02:07:42.466,unknown,BTC/USD,SELL,0.00007,90990.31,6.37,0.000001,2296819837
2025-11-27,02:07:42.466,unknown,BTC/USD,SELL,0.00003,90974.89,2.73,0.000000,2296819837
2025-11-27,02:16:31.939,unknown,BTC/USD,BUY,0.0001,91082.09,9.11,0.000000,2296823282
2025-11-27,02:42:20.757,unknown,BTC/USD,BUY,0.00004,91699.06,3.67,0.000000,2296835804
2025-11-27,02:42:22.211,unknown,BTC/USD,BUY,0.00006,91699.06,5.50,0.000000,2296835804
2025-11-27,02:56:12.708,unknown,BTC/USD,BUY,0.00004,91506.67,3.66,0.000001,2296843833
2025-11-27,02:56:12.708,unknown,BTC/USD,BUY,0.00006,91507.67,5.49,0.000001,2296843833
2025-11-27,02:58:15.059,unknown,BTC/USD,SELL,0.0001,91382.51,9.14,0.000001,2296844975
2025-11-27,03:08:22.357,unknown,BTC/USD,BUY,0.0001,91558.54,9.16,0.000001,2296847780
2025-11-27,03:24:00.407,unknown,BTC/USD,BUY,0.0001,91513.42,9.15,0.000000,2296854429
2025-11-27,03:44:37.889,unknown,BTC/USD,SELL,0.0001,91073.05,9.11,0.000001,2296861133
2025-11-27,03:44:38.091,unknown,BTC/USD,SELL,0.0001,91073.07,9.11,0.000001,2296861139
2025-11-27,05:41:31.225,unknown,BTC/USD,SELL,0.0001,91006.65,9.10,0.000001,2296893978
2025-11-27,05:42:09.807,unknown,BTC/USD,SELL,0.00004,90958.73,3.64,0.000000,2296894564
2025-11-27,05:42:09.807,unknown,BTC/USD,SELL,0.00006,90957.73,5.46,0.000001,2296894564
2025-11-27,11:24:12.613,unknown,BTC/USD,BUY,0.00003,91474.95,2.74,0.000000,2296967809
2025-11-27,11:24:15.184,unknown,BTC/USD,SELL,0.00003,91474.95,2.74,0.000000,2296967821
2025-11-27,11:24:15.184,unknown,BTC/USD,SELL,0.00007,91460.65,6.40,0.000001,2296967821
2025-11-27,13:16:57.395,unknown,BTC/USD,SELL,0.00011,90646.83,9.97,0.000001,2296991242
2025-11-27,19:00:09.996,unknown,BTC/USD,BUY,0.00768,91831.17,705.26,0.000000,2297077412
2025-11-27,19:03:45.256,unknown,BTC/USD,BUY,0.00709,91718.43,650.28,0.000000,2297074898
2025-11-27,19:03:45.402,unknown,BTC/USD,BUY,0.00059,91718.43,54.11,0.000000,2297074898
2025-11-27,19:16:24.781,unknown,BTC/USD,BUY,0.00766,91691.76,702.36,0.000000,2297082837
2025-11-27,21:18:18.983,unknown,BTC/USD,SELL,0.00768,91547.46,703.08,0.000075,2297140141
2025-11-27,21:18:19.383,unknown,BTC/USD,SELL,0.00768,91547.46,703.08,0.000075,2297140142
2025-11-28,01:12:58.102,unknown,BTC/USD,BUY,0.00024,90954.33,21.83,0.000000,2297130543
2025-11-28,01:14:01.078,unknown,BTC/USD,BUY,0.00196,90954.33,178.27,0.000000,2297130543
2025-11-28,04:11:05.295,unknown,BTC/USD,SELL,0.00219,91415.47,200.20,0.000000,2297210975
2025-11-28,10:54:52.230,unknown,BTC/USD,SELL,0.00003,91844.73,2.76,0.000000,2297136816
2025-11-28,11:01:56.835,unknown,BTC/USD,SELL,0.00215,91844.73,197.47,0.000000,2297136816
2025-11-28,11:01:57.936,unknown,BTC/USD,SELL,0.00003,91856.8,2.76,0.000000,2297179504
2025-11-28,11:01:58.117,unknown,BTC/USD,SELL,0.00215,91856.8,197.49,0.000000,2297179504
2025-11-28,11:02:21.180,unknown,BTC/USD,SELL,0.00218,91929.67,200.41,0.000000,2297130544
2025-11-28,13:47:23.209,unknown,BTC/USD,SELL,0.00217,91989,199.62,0.000000,2297172952
2025-11-28,13:47:23.337,unknown,BTC/USD,SELL,0.00217,92006.6,199.65,0.000000,2297140162
2025-11-28,13:47:23.531,unknown,BTC/USD,SELL,0.00217,92035.73,199.72,0.000000,2297142814
2025-11-28,14:25:52.112,unknown,BTC/USD,SELL,0.00023,92819.2,21.35,0.000000,2297136836
2025-11-28,14:26:14.368,unknown,BTC/USD,SELL,0.00088,92819.2,81.68,0.000000,2297136836
2025-11-28,14:26:24.659,unknown,BTC/USD,SELL,0.00023,92819.2,21.35,0.000000,2297136836
2025-11-28,14:26:26.053,unknown,BTC/USD,SELL,0.00081,92819.2,75.18,0.000000,2297136836
2025-11-28,14:27:01.596,unknown,BTC/USD,SELL,0.00215,92831.4,199.59,0.000000,2297179507
2025-11-28,14:27:52.540,unknown,BTC/USD,SELL,0.00215,92905,199.75,0.000000,2297130545
2025-11-28,14:27:56.678,unknown,BTC/USD,SELL,0.00215,92965,199.87,0.000000,2297172953
2025-11-28,14:27:56.678,unknown,BTC/USD,SELL,0.00215,92982.8,199.91,0.000000,2297140165
2025-11-28,14:28:05.055,unknown,BTC/USD,SELL,0.00215,93012.2,199.98,0.000000,2297142815
2025-11-29,05:08:02.453,unknown,BTC/USD,SELL,0.001,90834.58,90.83,0.000010,2297797655
2025-11-29,05:08:02.453,unknown,BTC/USD,SELL,0.001,90834.58,90.83,0.000010,2297797655
2025-11-29,05:08:02.453,unknown,BTC/USD,SELL,0.00003,90833.58,2.73,0.000000,2297797655
2025-11-29,05:08:02.453,unknown,BTC/USD,SELL,0.001,90823.58,90.82,0.000010,2297797655
2025-11-29,05:08:02.453,unknown,BTC/USD,SELL,0.001,90823.58,90.82,0.000010,2297797655
2025-11-29,05:08:02.453,unknown,BTC/USD,SELL,0.05072,90807.45,4605.75,0.460575,2297797655
2025-11-29,06:34:48.504,unknown,BTC/USD,BUY,0.00221,90390.33,199.76,0.000000,2297813555
2025-11-29,06:34:49.197,unknown,BTC/USD,BUY,0.00003,90385.33,2.71,0.000000,2297801838
2025-11-29,15:35:31.448,unknown,BTC/USD,SELL,0.00005,90857.98,4.54,0.000000,2297930673
2025-11-29,18:13:01.930,unknown,BTC/USD,BUY,0.00218,90385.33,197.04,0.000000,2297801838
2025-11-29,18:13:03.172,unknown,BTC/USD,BUY,0.00221,90323.2,199.61,0.000000,2297797672
2025-11-30,08:23:57.808,unknown,BTC/USD,SELL,0.00219,91359.66,200.08,0.000000,2297827003
2025-11-30,09:14:03.676,unknown,BTC/USD,SELL,0.00097,91606.4,88.86,0.000000,2298025827
2025-12-01,00:07:49.468,unknown,BTC/USD,BUY,0.00224,89421,200.30,0.000000,2297813554
2025-12-01,00:07:49.468,unknown,BTC/USD,BUY,0.00224,89416,200.29,0.000000,2297801827
2025-12-01,00:08:06.428,unknown,BTC/USD,BUY,0.00224,89354.6,200.15,0.000000,2297797670
2025-12-01,00:30:07.455,unknown,BTC/USD,BUY,0.00226,88451.67,199.90,0.000000,2297813552
2025-12-01,00:30:07.455,unknown,BTC/USD,BUY,0.00226,88446.67,199.89,0.000000,2297801820
2025-12-01,00:30:22.056,unknown,BTC/USD,BUY,0.00076,88386,67.17,0.000000,2297797669
2025-12-01,00:30:44.079,unknown,BTC/USD,BUY,0.0015,88386,132.58,0.000000,2297797669
2025-12-01,00:51:12.398,unknown,BTC/USD,BUY,0.00229,87482.33,200.33,0.000000,2297813550
2025-12-01,00:51:12.398,unknown,BTC/USD,BUY,0.00229,87477.33,200.32,0.000000,2297801816
2025-12-01,00:51:12.398,unknown,BTC/USD,BUY,0.00229,87417.4,200.19,0.000000,2297797666
2025-12-01,03:10:25.782,unknown,BTC/USD,BUY,0.00231,86513,199.85,0.000000,2297813548
2025-12-01,03:10:26.659,unknown,BTC/USD,BUY,0.00231,86508,199.83,0.000000,2297801810
2025-12-01,03:16:19.833,unknown,BTC/USD,BUY,0.00231,86448.8,199.70,0.000000,2297797664
2025-12-01,12:42:54.300,unknown,BTC/USD,BUY,0.00234,85543.67,200.17,0.000000,2297813547
2025-12-01,12:42:55.727,unknown,BTC/USD,BUY,0.00234,85538.67,200.16,0.000000,2297801806
2025-12-01,12:43:05.203,unknown,BTC/USD,BUY,0.00234,85480.2,200.02,0.000000,2297797662
2025-12-01,15:34:29.300,unknown,BTC/USD,BUY,0.00236,84574.33,199.60,0.000000,2297813546
2025-12-01,15:34:29.300,unknown,BTC/USD,BUY,0.00236,84569.33,199.58,0.000000,2297801801
2025-12-01,15:34:44.609,unknown,BTC/USD,BUY,0.00237,84511.6,200.29,0.000000,2297797661
2025-12-01,19:07:34.367,unknown,BTC/USD,BUY,0.00815,84992.02,692.68,0.000001,2298979377
2025-12-01,19:15:00.551,unknown,BTC/USD,BUY,0.00584,85115.65,497.08,0.000001,2298985062
2025-12-01,19:32:00.556,unknown,BTC/USD,BUY,0.00269,84737.33,227.94,0.000000,2298998652
2025-12-01,19:38:30.616,unknown,BTC/USD,BUY,0.00193,84956.13,163.97,0.000000,2299003557
2025-12-01,19:42:00.629,unknown,BTC/USD,BUY,0.00136,84915.12,115.48,0.000000,2299005290
2025-12-01,19:43:00.556,unknown,BTC/USD,BUY,0.00109,84868.91,92.51,0.000000,2299005890
2025-12-01,19:45:00.628,unknown,BTC/USD,BUY,0.00098,84822.1,83.13,0.000000,2299007626
2025-12-01,19:45:30.625,unknown,BTC/USD,BUY,0.00077,84847.57,65.33,0.000000,2299008190
2025-12-01,19:48:30.568,unknown,BTC/USD,BUY,0.00002,84869.19,1.70,0.000000,2299010200
2025-12-01,19:48:30.568,unknown,BTC/USD,BUY,0.00002,84869.19,1.70,0.000000,2299010200
2025-12-01,19:48:30.568,unknown,BTC/USD,BUY,0.00002,84869.19,1.70,0.000000,2299010200
2025-12-01,19:48:30.568,unknown,BTC/USD,BUY,0.00002,84869.19,1.70,0.000000,2299010200
2025-12-01,19:48:30.568,unknown,BTC/USD,BUY,0.00002,84869.19,1.70,0.000000,2299010200
2025-12-01,19:48:30.568,unknown,BTC/USD,BUY,0.00052,84872.18,44.13,0.000000,2299010200
2025-12-01,20:22:30.804,unknown,BTC/USD,BUY,0.00012,85553.98,10.27,0.000000,2299026937
2025-12-02,03:42:27.440,unknown,BTC/USD,SELL,0.059,86688.32,5114.61,0.511461,2299221736
2025-12-02,03:42:27.440,unknown,BTC/USD,SELL,0.00002,86662.01,1.73,0.000173,2299221736
2025-12-02,03:42:27.440,unknown,BTC/USD,SELL,0.00002,86662.01,1.73,0.000173,2299221736
2025-12-02,03:42:27.440,unknown,BTC/USD,SELL,0.00002,86662.01,1.73,0.000173,2299221736
2025-12-02,03:42:27.440,unknown,BTC/USD,SELL,0.00002,86662.01,1.73,0.000173,2299221736
2025-12-02,03:42:27.440,unknown,BTC/USD,SELL,0.00002,86662.01,1.73,0.000173,2299221736
2025-12-02,03:42:27.440,unknown,BTC/USD,SELL,0.00927,86622.35,802.99,0.080299,2299221736
2025-12-02,22:18:18.568,unknown,BTC/USD,BUY,0.03396,91750,3115.83,0.000003,2299583097
2025-12-02,22:18:48.352,unknown,BTC/USD,SELL,0.03395,91668.43,3112.14,0.311214,2299583155
2025-12-02,22:18:49.571,unknown,BTC/USD,BUY,0.03022,91750,2772.68,0.000003,2299583159
2025-12-02,22:25:18.856,unknown,BTC/USD,SELL,0.03022,91609.29,2768.43,0.276843,2299583718
2025-12-02,22:25:20.005,unknown,BTC/USD,BUY,0.00175,91642.52,160.37,0.000000,2299583722
2025-12-02,22:25:20.005,unknown,BTC/USD,BUY,0.00033,91684.23,30.26,0.000000,2299583722
2025-12-02,22:25:20.005,unknown,BTC/USD,BUY,0.02814,91694.55,2580.28,0.000003,2299583722
2025-12-02,22:25:49.358,unknown,BTC/USD,SELL,0.03022,91583.6,2767.66,0.276766,2299583748
2025-12-02,22:25:50.005,unknown,BTC/USD,BUY,0.00163,91693.7,149.46,0.000000,2299583752
2025-12-02,22:25:50.005,unknown,BTC/USD,BUY,0.02858,91693.71,2620.61,0.000003,2299583752
2025-12-02,22:26:19.359,unknown,BTC/USD,SELL,0.00163,91613.77,149.33,0.014933,2299583763
2025-12-02,22:26:19.359,unknown,BTC/USD,SELL,0.02858,91603.77,2618.04,0.261804,2299583763
2025-12-02,22:26:20.008,unknown,BTC/USD,BUY,0.03019,91666.2,2767.40,0.000003,2299583764
2025-12-02,22:35:41.816,unknown,BTC/USD,BUY,0.00069,91584.48,63.19,0.000000,2299584560
2025-12-02,22:37:41.603,unknown,BTC/USD,SELL,0.00056,91582.43,51.29,0.005129,2299584770
2025-12-02,22:37:41.603,unknown,BTC/USD,SELL,0.00013,91582.42,11.91,0.001191,2299584770
2025-12-02,22:38:15.250,unknown,BTC/USD,BUY,0.00027,91633.91,24.74,0.000000,2299584819
2025-12-02,22:38:45.247,unknown,BTC/USD,SELL,0.00027,91549.07,24.72,0.002472,2299584886
2025-12-02,22:38:46.108,unknown,BTC/USD,BUY,0.00027,91628.76,24.74,0.000000,2299584888
2025-12-02,22:39:15.108,unknown,BTC/USD,SELL,0.00027,91549.07,24.72,0.002472,2299584921
2025-12-02,22:39:15.760,unknown,BTC/USD,BUY,0.00027,91628.75,24.74,0.000000,2299584924
2025-12-02,22:39:45.106,unknown,BTC/USD,SELL,0.00027,91555.68,24.72,0.002472,2299584974
2025-12-02,22:39:45.751,unknown,BTC/USD,BUY,0.00027,91645.56,24.74,0.000000,2299584976
2025-12-02,22:40:15.111,unknown,BTC/USD,SELL,0.00027,91533.63,24.71,0.002471,2299585028
2025-12-02,22:40:15.832,unknown,BTC/USD,BUY,0.00027,91625.89,24.74,0.000000,2299585034
2025-12-02,22:40:45.112,unknown,BTC/USD,SELL,0.00027,91650.9,24.75,0.002475,2299585098
2025-12-02,22:40:45.762,unknown,BTC/USD,BUY,0.00027,91659.06,24.75,0.000000,2299585101
2025-12-02,22:41:15.111,unknown,BTC/USD,SELL,0.00027,91689.52,24.76,0.002476,2299585221
2025-12-02,22:41:15.757,unknown,BTC/USD,BUY,0.00027,91711.7,24.76,0.000000,2299585223
2025-12-02,22:41:45.111,unknown,BTC/USD,SELL,0.00027,91711.7,24.76,0.002476,2299585279
2025-12-02,22:41:45.761,unknown,BTC/USD,BUY,0.00027,91733.28,24.77,0.000000,2299585280
2025-12-02,22:42:15.246,unknown,BTC/USD,SELL,0.00027,91835.52,24.80,0.002480,2299585391
2025-12-02,22:42:15.961,unknown,BTC/USD,BUY,0.00027,91856.05,24.80,0.000000,2299585392
2025-12-02,22:42:45.111,unknown,BTC/USD,SELL,0.00027,91835.52,24.80,0.002480,2299585470
2025-12-02,22:42:45.762,unknown,BTC/USD,BUY,0.00027,91851.83,24.80,0.000000,2299585473
2025-12-02,22:43:15.190,unknown,BTC/USD,SELL,0.00027,91751.26,24.77,0.002477,2299585511
2025-12-02,22:43:15.909,unknown,BTC/USD,BUY,0.00041,91835.65,37.65,0.000000,2299585513
2025-12-02,22:43:44.614,unknown,BTC/USD,SELL,0.00041,91702.49,37.60,0.003760,2299585578
2025-12-02,22:43:45.264,unknown,BTC/USD,BUY,0.00041,91782.48,37.63,0.000000,2299585580
2025-12-02,22:44:14.612,unknown,BTC/USD,SELL,0.00041,91700.13,37.60,0.003760,2299585633
2025-12-02,22:44:15.328,unknown,BTC/USD,BUY,0.00041,91788.92,37.63,0.000000,2299585634
2025-12-02,22:44:44.616,unknown,BTC/USD,SELL,0.00041,91659.06,37.58,0.003758,2299585713
2025-12-02,22:44:45.267,unknown,BTC/USD,BUY,0.00041,91666.27,37.58,0.000000,2299585715
2025-12-02,22:45:14.621,unknown,BTC/USD,SELL,0.00041,91703.52,37.60,0.003760,2299585777
2025-12-02,22:45:15.345,unknown,BTC/USD,BUY,0.00041,91792.36,37.63,0.000000,2299585780
2025-12-02,22:46:44.619,unknown,BTC/USD,SELL,0.00041,91659.06,37.58,0.003758,2299586015
2025-12-02,22:46:45.336,unknown,BTC/USD,BUY,0.00041,91727.47,37.61,0.000000,2299586016
2025-12-02,22:47:14.630,unknown,BTC/USD,SELL,0.00041,91659.06,37.58,0.003758,2299586050
2025-12-02,22:47:15.276,unknown,BTC/USD,BUY,0.00041,91700.49,37.60,0.000000,2299586052
2025-12-02,22:47:44.614,unknown,BTC/USD,SELL,0.00041,91659.06,37.58,0.003758,2299586102
2025-12-02,22:47:45.331,unknown,BTC/USD,BUY,0.00041,91695.2,37.60,0.000000,2299586103
2025-12-02,22:48:14.616,unknown,BTC/USD,SELL,0.00041,91688.17,37.59,0.003759,2299586184
2025-12-02,22:48:15.462,unknown,BTC/USD,BUY,0.00041,91771.08,37.63,0.000000,2299586188
2025-12-02,22:54:14.772,unknown,BTC/USD,SELL,0.00041,91777.66,37.63,0.003763,2299586733
2025-12-02,22:54:15.418,unknown,BTC/USD,BUY,0.00041,91865.97,37.67,0.000000,2299586735
2025-12-02,22:54:44.624,unknown,BTC/USD,SELL,0.00041,91823.36,37.65,0.003765,2299586790
2025-12-02,22:54:45.268,unknown,BTC/USD,BUY,0.00041,91879.3,37.67,0.000000,2299586797
2025-12-02,22:55:14.782,unknown,BTC/USD,SELL,0.00041,91806.4,37.64,0.003764,2299586845
2025-12-02,22:55:15.501,unknown,BTC/USD,BUY,0.00041,91896.52,37.68,0.000000,2299586846
2025-12-02,22:55:44.629,unknown,BTC/USD,SELL,0.00041,91818.17,37.65,0.003765,2299586860
2025-12-02,22:55:45.281,unknown,BTC/USD,BUY,0.0001,91907.09,9.19,0.000000,2299586861
2025-12-02,22:55:45.281,unknown,BTC/USD,BUY,0.00031,91908.09,28.49,0.000000,2299586861
2025-12-02,22:56:14.820,unknown,BTC/USD,SELL,0.00041,91874.81,37.67,0.003767,2299586886
2025-12-02,22:56:15.537,unknown,BTC/USD,BUY,0.00041,91903.11,37.68,0.000000,2299586887
2025-12-02,22:57:14.642,unknown,BTC/USD,SELL,0.00041,91817.87,37.65,0.003765,2299586961
2025-12-02,22:57:15.489,unknown,BTC/USD,BUY,0.00041,91904.25,37.68,0.000000,2299586962
2025-12-02,22:57:44.626,unknown,BTC/USD,SELL,0.00041,91817.87,37.65,0.003765,2299586994
2025-12-02,22:57:45.411,unknown,BTC/USD,BUY,0.00041,91904.25,37.68,0.000000,2299586995
2025-12-02,22:58:14.637,unknown,BTC/USD,SELL,0.00041,91820.49,37.65,0.003765,2299587036
2025-12-02,22:58:15.349,unknown,BTC/USD,BUY,0.00041,91908.09,37.68,0.000000,2299587038
2025-12-02,22:58:44.701,unknown,BTC/USD,SELL,0.00041,91820.49,37.65,0.003765,2299587052
2025-12-02,22:58:45.348,unknown,BTC/USD,BUY,0.00055,91900.15,50.55,0.000000,2299587053
2025-12-02,22:59:14.130,unknown,BTC/USD,SELL,0.00055,91841.03,50.51,0.005051,2299587074
2025-12-02,22:59:14.975,unknown,BTC/USD,BUY,0.00007,91906.17,6.43,0.000000,2299587081
2025-12-02,22:59:14.975,unknown,BTC/USD,BUY,0.00048,91908.09,44.12,0.000000,2299587081
2025-12-02,22:59:44.130,unknown,BTC/USD,SELL,0.0003,91860.31,27.56,0.002756,2299587166
2025-12-02,22:59:44.130,unknown,BTC/USD,SELL,0.00025,91853.12,22.96,0.002296,2299587166
2025-12-02,22:59:44.780,unknown,BTC/USD,BUY,0.00022,91885.85,20.21,0.000000,2299587170
2025-12-02,22:59:44.780,unknown,BTC/USD,BUY,0.00033,91908.09,30.33,0.000000,2299587170
2025-12-02,23:00:14.266,unknown,BTC/USD,SELL,0.00055,91816.02,50.50,0.005050,2299587283
2025-12-02,23:00:14.918,unknown,BTC/USD,BUY,0.00055,91900.47,50.55,0.000000,2299587286
2025-12-02,23:00:44.128,unknown,BTC/USD,SELL,0.00055,91840.65,50.51,0.005051,2299587325
2025-12-02,23:00:44.773,unknown,BTC/USD,BUY,0.00055,91900.47,50.55,0.000000,2299587326
2025-12-02,23:01:14.131,unknown,BTC/USD,SELL,0.00021,91876.54,19.29,0.001929,2299587350
2025-12-02,23:01:14.131,unknown,BTC/USD,SELL,0.00034,91827.27,31.22,0.003122,2299587350
2025-12-02,23:01:14.845,unknown,BTC/USD,BUY,0.00055,91900.47,50.55,0.000000,2299587353
2025-12-02,23:01:44.132,unknown,BTC/USD,SELL,0.00026,91777.78,23.86,0.002386,2299587417
2025-12-02,23:01:44.132,unknown,BTC/USD,SELL,0.00029,91777.77,26.62,0.002662,2299587417
2025-12-02,23:01:44.851,unknown,BTC/USD,BUY,0.00055,91866.94,50.53,0.000000,2299587419
2025-12-02,23:02:14.130,unknown,BTC/USD,SELL,0.00039,91777.77,35.79,0.003579,2299587445
2025-12-02,23:02:14.130,unknown,BTC/USD,SELL,0.00016,91759.69,14.68,0.001468,2299587445
2025-12-02,23:02:14.774,unknown,BTC/USD,BUY,0.00055,91839.99,50.51,0.000000,2299587447
2025-12-02,23:02:44.132,unknown,BTC/USD,SELL,0.00055,91769.88,50.47,0.005047,2299587500
2025-12-02,23:02:44.916,unknown,BTC/USD,BUY,0.00055,91848.79,50.52,0.000000,2299587503
2025-12-02,23:03:14.132,unknown,BTC/USD,SELL,0.00055,91766.73,50.47,0.005047,2299587577
2025-12-02,23:03:14.779,unknown,BTC/USD,BUY,0.00055,91857.31,50.52,0.000000,2299587578
2025-12-02,23:03:44.130,unknown,BTC/USD,SELL,0.00055,91781.5,50.48,0.005048,2299587644
2025-12-02,23:03:44.779,unknown,BTC/USD,BUY,0.00055,91868.91,50.53,0.000000,2299587645
2025-12-02,23:04:14.135,unknown,BTC/USD,SELL,0.00015,91792.09,13.77,0.001377,2299587683
2025-12-02,23:04:14.135,unknown,BTC/USD,SELL,0.0004,91792.08,36.72,0.003672,2299587683
2025-12-02,23:04:14.846,unknown,BTC/USD,BUY,0.00055,91883.6,50.54,0.000000,2299587685
2025-12-02,23:04:44.133,unknown,BTC/USD,SELL,0.00055,91883.6,50.54,0.005054,2299587717
2025-12-02,23:04:44.847,unknown,BTC/USD,BUY,0.00055,91883.61,50.54,0.000000,2299587718
2025-12-02,23:06:44.138,unknown,BTC/USD,SELL,0.00032,91744.68,29.36,0.002936,2299587943
2025-12-02,23:06:44.138,unknown,BTC/USD,SELL,0.00023,91744.67,21.10,0.002110,2299587943
2025-12-02,23:06:44.989,unknown,BTC/USD,BUY,0.00055,91826.48,50.50,0.000000,2299587947
2025-12-02,23:07:14.140,unknown,BTC/USD,SELL,0.00055,91763.37,50.47,0.005047,2299587999
2025-12-02,23:07:14.790,unknown,BTC/USD,BUY,0.00046,91837.82,42.25,0.000000,2299588001
2025-12-02,23:07:14.790,unknown,BTC/USD,BUY,0.00009,91837.83,8.27,0.000000,2299588001
2025-12-02,23:07:44.274,unknown,BTC/USD,SELL,0.00055,91739.34,50.46,0.005046,2299588112
2025-12-02,23:07:44.926,unknown,BTC/USD,BUY,0.00055,91798.46,50.49,0.000000,2299588113
2025-12-02,23:08:14.144,unknown,BTC/USD,SELL,0.00055,91734.15,50.45,0.005045,2299588179
2025-12-02,23:08:14.798,unknown,BTC/USD,BUY,0.00055,91791.51,50.49,0.000000,2299588180
2025-12-02,23:08:44.145,unknown,BTC/USD,SELL,0.00055,91733.29,50.45,0.005045,2299588234
2025-12-02,23:08:44.863,unknown,BTC/USD,BUY,0.00055,91795.92,50.49,0.000000,2299588239
2025-12-02,23:09:14.141,unknown,BTC/USD,SELL,0.00055,91765.12,50.47,0.005047,2299588309
2025-12-02,23:09:14.864,unknown,BTC/USD,BUY,0.00055,91855.12,50.52,0.000000,2299588311
2025-12-02,23:12:44.145,unknown,BTC/USD,SELL,0.00055,91768.46,50.47,0.005047,2299588568
2025-12-02,23:12:44.990,unknown,BTC/USD,BUY,0.00055,91860.43,50.52,0.000000,2299588572
2025-12-02,23:13:14.146,unknown,BTC/USD,SELL,0.00009,91812.52,8.26,0.000826,2299588655
2025-12-02,23:13:14.146,unknown,BTC/USD,SELL,0.00008,91806.27,7.34,0.000734,2299588655
2025-12-02,23:13:14.146,unknown,BTC/USD,SELL,0.00038,91790.43,34.88,0.003488,2299588655
2025-12-02,23:13:14.790,unknown,BTC/USD,BUY,0.00019,91829.12,17.45,0.000000,2299588657
2025-12-02,23:13:14.790,unknown,BTC/USD,BUY,0.00036,91844.37,33.06,0.000000,2299588657
2025-12-02,23:13:44.145,unknown,BTC/USD,SELL,0.00028,91790.43,25.70,0.002570,2299588725
2025-12-02,23:13:44.145,unknown,BTC/USD,SELL,0.00027,91785.93,24.78,0.002478,2299588725
2025-12-02,23:13:44.795,unknown,BTC/USD,BUY,0.00055,91857.78,50.52,0.000000,2299588727
2025-12-02,23:14:14.149,unknown,BTC/USD,SELL,0.00055,91733.31,50.45,0.005045,2299588782
2025-12-02,23:14:14.799,unknown,BTC/USD,BUY,0.00055,91825.63,50.50,0.000000,2299588784
2025-12-02,23:14:44.147,unknown,BTC/USD,SELL,0.00055,91733.28,50.45,0.005045,2299588835
2025-12-02,23:14:44.932,unknown,BTC/USD,BUY,0.00055,91816.15,50.50,0.000000,2299588838
2025-12-02,23:15:14.148,unknown,BTC/USD,SELL,0.00055,91710.41,50.44,0.005044,2299588897
2025-12-02,23:15:15.002,unknown,BTC/USD,BUY,0.00055,91788.97,50.48,0.000000,2299588903
2025-12-02,23:15:44.222,unknown,BTC/USD,SELL,0.00006,91754.75,5.51,0.000551,2299588963
2025-12-02,23:15:44.222,unknown,BTC/USD,SELL,0.00003,91735.73,2.75,0.000275,2299588963
2025-12-02,23:15:44.222,unknown,BTC/USD,SELL,0.00046,91697.73,42.18,0.004218,2299588963
2025-12-02,23:15:44.941,unknown,BTC/USD,BUY,0.00055,91787.74,50.48,0.000000,2299588965
2025-12-02,23:16:13.648,unknown,BTC/USD,SELL,0.00055,91732.36,50.45,0.005045,2299589020
2025-12-02,23:16:15.375,unknown,BTC/USD,BUY,0.00044,91822.42,40.40,0.000000,2299589024
2025-12-02,23:16:44.147,unknown,BTC/USD,SELL,0.00044,91783.1,40.38,0.004038,2299589064
2025-12-02,23:16:45.565,unknown,BTC/USD,BUY,0.00044,91800,40.39,0.000000,2299589069
2025-12-02,23:19:44.155,unknown,BTC/USD,SELL,0.00003,91739.22,2.75,0.000275,2299589455
2025-12-02,23:19:44.155,unknown,BTC/USD,SELL,0.00005,91732.56,4.59,0.000459,2299589455
2025-12-02,23:19:44.155,unknown,BTC/USD,SELL,0.00011,91732.56,10.09,0.001009,2299589455
2025-12-02,23:19:44.155,unknown,BTC/USD,SELL,0.00025,91723.26,22.93,0.002293,2299589455
2025-12-02,23:19:45.374,unknown,BTC/USD,BUY,0.00044,91740,40.37,0.000000,2299589459
2025-12-02,23:20:14.652,unknown,BTC/USD,SELL,0.00044,91712.71,40.35,0.004035,2299589531
2025-12-02,23:20:15.300,unknown,BTC/USD,BUY,0.00044,91750,40.37,0.000000,2299589532
2025-12-02,23:20:44.652,unknown,BTC/USD,SELL,0.00044,91669.37,40.33,0.004033,2299589606
2025-12-02,23:20:45.303,unknown,BTC/USD,BUY,0.00044,91749.9,40.37,0.000000,2299589610
2025-12-02,23:21:14.654,unknown,BTC/USD,SELL,0.00044,91674.03,40.34,0.004034,2299589640
2025-12-02,23:21:15.304,unknown,BTC/USD,BUY,0.00044,91750,40.37,0.000000,2299589642
2025-12-02,23:21:44.651,unknown,BTC/USD,SELL,0.00044,91660.06,40.33,0.004033,2299589687
2025-12-02,23:21:45.948,unknown,BTC/USD,BUY,0.00044,91746.58,40.37,0.000000,2299589690
2025-12-02,23:22:14.655,unknown,BTC/USD,SELL,0.00044,91659.06,40.33,0.004033,2299589729
2025-12-02,23:22:15.949,unknown,BTC/USD,BUY,0.00044,91700,40.35,0.000000,2299589731
2025-12-02,23:22:44.653,unknown,BTC/USD,SELL,0.00044,91659.06,40.33,0.004033,2299589765
2025-12-02,23:22:45.938,unknown,BTC/USD,BUY,0.00044,91700,40.35,0.000000,2299589766
2025-12-02,23:23:14.867,unknown,BTC/USD,SELL,0.00044,91659.06,40.33,0.004033,2299589814
2025-12-02,23:23:16.088,unknown,BTC/USD,BUY,0.00043,91700,39.43,0.000000,2299589817
2025-12-02,23:23:44.152,unknown,BTC/USD,SELL,0.00043,91659.06,39.41,0.003941,2299589880
2025-12-02,23:23:46.017,unknown,BTC/USD,BUY,0.00043,91659.07,39.41,0.000000,2299589886
2025-12-02,23:26:44.158,unknown,BTC/USD,SELL,0.00043,91558.54,39.37,0.003937,2299590122
2025-12-02,23:26:45.961,unknown,BTC/USD,BUY,0.00043,91587.6,39.38,0.000000,2299590126
2025-12-02,23:27:14.155,unknown,BTC/USD,SELL,0.00043,91564.34,39.37,0.003937,2299590173
2025-12-02,23:27:16.023,unknown,BTC/USD,BUY,0.00043,91600,39.39,0.000000,2299590176
2025-12-02,23:27:44.155,unknown,BTC/USD,SELL,0.00043,91548.52,39.37,0.003937,2299590198
2025-12-02,23:27:45.959,unknown,BTC/USD,BUY,0.00043,91600,39.39,0.000000,2299590201
2025-12-02,23:28:14.158,unknown,BTC/USD,SELL,0.00043,91562.2,39.37,0.003937,2299590238
2025-12-02,23:28:16.028,unknown,BTC/USD,BUY,0.00043,91600,39.39,0.000000,2299590242
2025-12-02,23:29:14.157,unknown,BTC/USD,SELL,0.00043,91535.6,39.36,0.003936,2299590296
2025-12-02,23:29:15.959,unknown,BTC/USD,BUY,0.00043,91535.61,39.36,0.000000,2299590298
2025-12-02,23:29:44.155,unknown,BTC/USD,SELL,0.00043,91535.6,39.36,0.003936,2299590330
2025-12-02,23:29:46.026,unknown,BTC/USD,BUY,0.00043,91535.61,39.36,0.000000,2299590335
2025-12-02,23:32:44.162,unknown,BTC/USD,SELL,0.00043,91535.6,39.36,0.003936,2299590517
2025-12-02,23:32:46.014,unknown,BTC/USD,BUY,0.00036,91535.61,32.95,0.000000,2299590520
2025-12-02,23:33:15.159,unknown,BTC/USD,SELL,0.00036,91535.6,32.95,0.003295,2299590575
2025-12-02,23:33:15.895,unknown,BTC/USD,BUY,0.00036,91535.61,32.95,0.000000,2299590576
2025-12-02,23:33:45.160,unknown,BTC/USD,SELL,0.00036,91535.6,32.95,0.003295,2299590622
2025-12-02,23:33:45.807,unknown,BTC/USD,BUY,0.00036,91535.61,32.95,0.000000,2299590625
2025-12-03,00:21:33.997,unknown,BTC/USD,BUY,0.00029,91315.55,26.48,0.000000,2299596154
2025-12-03,01:50:37.115,unknown,BTC/USD,BUY,0.00071,92303.98,65.54,0.000000,2299609956
2025-12-03,01:56:35.976,unknown,BTC/USD,SELL,0.00044,92264.49,40.60,0.004060,2299611807
2025-12-03,01:56:35.976,unknown,BTC/USD,SELL,0.00027,92235.3,24.90,0.002490,2299611807
2025-12-03,01:59:08.557,unknown,BTC/USD,BUY,0.0001,92209.34,9.22,0.000000,2299612413
2025-12-03,01:59:08.557,unknown,BTC/USD,BUY,0.0001,92209.43,9.22,0.000000,2299612413
2025-12-03,02:05:07.484,unknown,BTC/USD,SELL,0.0002,92467.19,18.49,0.001849,2299614253
2025-12-03,02:05:09.130,unknown,BTC/USD,BUY,0.0002,92494.65,18.50,0.000000,2299614266
2025-12-03,03:05:46.417,unknown,BTC/USD,BUY,0.00128,92692.01,118.65,0.000000,2299628734
2025-12-03,03:11:24.352,unknown,BTC/USD,BUY,0.0002,92710.33,18.54,0.000000,2299629403
2025-12-03,03:11:24.352,unknown,BTC/USD,BUY,0.00015,92710.34,13.91,0.000000,2299629403
2025-12-03,03:11:41.433,unknown,BTC/USD,BUY,0.00018,92718.07,16.69,0.000000,2299629436
2025-12-14,10:13:42.100,unknown,BTC/USD,BUY,0.00111,90000,99.90,0.000001,2302189555
2025-12-14,23:11:23.709,unknown,BTC/USD,BUY,0.00113,88236.96,99.71,0.000001,2302271113
2025-12-15,01:32:09.734,unknown,BTC/USD,SELL,0.00112,88859.44,99.52,0.099523,2302271114
2025-12-15,02:04:02.360,unknown,BTC/USD,SELL,0.00111,89486.31,99.33,0.099330,2302271115
2025-12-15,14:37:12.736,unknown,BTC/USD,SELL,0.00111,89652.01,99.51,0.099514,2302313783
2025-12-15,14:46:55.938,unknown,BTC/USD,BUY,0.00112,89122.85,99.82,0.000001,2302313782
2025-12-15,14:52:10.714,unknown,BTC/USD,BUY,0.00112,88596.81,99.23,0.000001,2302318299
2025-12-15,14:56:24.636,unknown,BTC/USD,BUY,0.00065,88073.87,57.25,0.000001,2302318298
2025-12-15,14:56:30.481,unknown,BTC/USD,BUY,0.00047,88073.87,41.39,0.000000,2302318298
2025-12-15,14:56:34.592,unknown,BTC/USD,BUY,0.00001,88073.87,0.88,0.000000,2302318298
2025-12-15,15:15:07.531,unknown,BTC/USD,BUY,0.00114,87554.03,99.81,0.000001,2302318297
2025-12-15,15:22:05.828,unknown,BTC/USD,BUY,0.00114,87037.25,99.22,0.000001,2302318293
2025-12-15,16:37:54.066,unknown,BTC/USD,BUY,0.00019,86523.52,16.44,0.000000,2302318292
2025-12-15,16:39:07.257,unknown,BTC/USD,BUY,0.00096,86523.52,83.06,0.000001,2302318292
2025-12-15,17:33:48.252,unknown,BTC/USD,BUY,0.00115,86012.82,98.91,0.000001,2302318291
2025-12-15,17:33:52.180,unknown,BTC/USD,BUY,0.00001,86012.82,0.86,0.000000,2302318291
2025-12-15,18:35:28.671,unknown,BTC/USD,BUY,0.00054,85505.14,46.17,0.000001,2302318290
2025-12-15,18:35:28.833,unknown,BTC/USD,BUY,0.00062,85505.14,53.01,0.000001,2302318290
2025-12-16,10:03:42.074,unknown,BTC/USD,BUY,0.00029,86395.56,25.05,0.000000,2302418321
2025-12-16,10:39:17.630,unknown,BTC/USD,SELL,0.00115,86801.41,99.82,0.099822,2302419003
2025-12-16,10:43:25.972,unknown,BTC/USD,SELL,0.00114,87209.17,99.42,0.099418,2302419004
2025-12-16,12:45:39.109,unknown,BTC/USD,SELL,0.00076,87420.37,66.44,0.066439,2302429654
2025-12-16,13:25:18.639,unknown,BTC/USD,SELL,0.00038,87420.37,33.22,0.033220,2302429654
2025-12-16,13:34:23.559,unknown,BTC/USD,BUY,0.00113,87103.76,98.43,0.000001,2302429653
2025-12-16,13:34:23.980,unknown,BTC/USD,BUY,0.00001,87103.76,0.87,0.000000,2302429653
2025-12-16,13:58:14.201,unknown,BTC/USD,BUY,0.00055,86788.29,47.73,0.000001,2302429652
2025-12-16,13:58:14.251,unknown,BTC/USD,BUY,0.0006,86788.29,52.07,0.000001,2302429652
2025-12-16,14:01:02.505,unknown,BTC/USD,BUY,0.00047,86473.96,40.64,0.000000,2302429651
2025-12-16,14:01:02.515,unknown,BTC/USD,BUY,0.00068,86473.96,58.80,0.000001,2302429651
2025-08-30,09:21:10.003,unknown,ETH/USD,SELL,0.0317,4382.98,138.94,0.833643,1686201762
2025-10-08,03:16:08.956,unknown,ETH/USD,BUY,0.022,4459.38,98.11,0.000152,1690981656
2025-10-08,19:14:19.392,unknown,ETH/USD,BUY,0.04,4507.04,180.28,0.000273,1691085954
2025-10-08,19:14:19.392,unknown,ETH/USD,BUY,0.0166,4507.77,74.83,0.000113,1691085954
2025-10-15,17:42:05.226,unknown,ETH/USD,BUY,0.0081,3968.97,32.15,0.000055,1693194632
2025-10-15,17:42:05.377,unknown,ETH/USD,BUY,0.0294,3969.19,116.69,0.000000,1693194632
2025-10-15,17:43:43.639,unknown,ETH/USD,BUY,0.0002,3969.19,0.79,0.000000,1693194632
2025-10-25,07:33:23.247,unknown,ETH/USD,SELL,0.0253,3950,99.94,0.000000,1694175939
2025-10-25,21:15:09.979,unknown,ETH/USD,BUY,0.0253,3950,99.94,0.000000,1694204357
2025-10-26,09:29:33.176,unknown,ETH/USD,SELL,0.025,4000,100.00,0.000000,1694173872
2025-10-26,09:29:33.176,unknown,ETH/USD,SELL,0.025,4000,100.00,0.000000,1694175060
2025-10-26,09:29:33.176,unknown,ETH/USD,SELL,0.025,4000,100.00,0.000000,1694175665
2025-10-26,09:29:33.176,unknown,ETH/USD,SELL,0.025,4000,100.00,0.000000,1694205104
2025-10-26,16:17:13.137,unknown,ETH/USD,BUY,0.0247,4050,100.03,0.000000,1694244431
2025-10-26,22:02:34.631,unknown,ETH/USD,SELL,0.0244,4100,100.04,0.000000,1694259905
2025-10-27,11:20:50.212,unknown,ETH/USD,BUY,0.0241,4150,100.02,0.000000,1694310104
2025-10-27,16:33:22.612,unknown,ETH/USD,SELL,0.0238,4200,99.96,0.000000,1694373232
2025-10-27,20:12:28.393,unknown,ETH/USD,BUY,0.0241,4150,100.02,0.000000,1694426425
2025-10-28,02:49:40.759,unknown,ETH/USD,BUY,0.0244,4100,100.04,0.000000,1694286178
2025-10-28,13:24:16.259,unknown,ETH/USD,SELL,0.0241,4150,100.02,0.000000,1694498317
2025-10-28,19:49:41.186,unknown,ETH/USD,BUY,0.0247,4050,100.03,0.000000,1694262075
2025-10-28,19:49:41.186,unknown,ETH/USD,BUY,0.0247,4050,100.03,0.000000,1694280056
2025-10-28,20:13:44.461,unknown,ETH/USD,BUY,0.025,4000,100.00,0.000000,1694244430
2025-10-28,21:07:38.302,unknown,ETH/USD,BUY,0.0253,3950,99.94,0.000000,1694226288
2025-10-29,18:36:03.787,unknown,ETH/USD,BUY,0.0256,3900,99.84,0.000000,1694173871
2025-10-29,18:36:03.787,unknown,ETH/USD,BUY,0.0256,3900,99.84,0.000000,1694175938
2025-10-29,18:36:03.787,unknown,ETH/USD,BUY,0.0256,3900,99.84,0.000000,1694175977
2025-10-29,18:36:03.787,unknown,ETH/USD,BUY,0.0256,3900,99.84,0.000000,1694184994
2025-10-29,18:42:33.557,unknown,ETH/USD,BUY,0.026,3850,100.10,0.000000,1694175937
2025-10-29,18:42:33.557,unknown,ETH/USD,BUY,0.026,3850,100.10,0.000000,1694175976
2025-10-30,02:11:58.542,unknown,ETH/USD,SELL,0.002,3932,7.86,0.000000,1694788890
2025-10-30,02:14:36.100,unknown,ETH/USD,SELL,0.0234,3932,92.01,0.000000,1694788890
2025-10-30,12:26:04.892,unknown,ETH/USD,BUY,0.0254,3853.4,97.88,0.000000,1694789260
2025-10-30,12:26:04.924,unknown,ETH/USD,BUY,0.0006,3853.4,2.31,0.000000,1694789260
2025-10-30,13:36:38.456,unknown,ETH/USD,BUY,0.0263,3800,99.94,0.000000,1694173870
2025-10-30,13:36:38.456,unknown,ETH/USD,BUY,0.0263,3800,99.94,0.000000,1694175936
2025-10-30,13:36:38.456,unknown,ETH/USD,BUY,0.0263,3800,99.94,0.000000,1694175975
2025-10-30,17:20:29.253,unknown,ETH/USD,BUY,0.0267,3750,100.13,0.000000,1694175935
2025-10-30,17:20:29.253,unknown,ETH/USD,BUY,0.0267,3750,100.13,0.000000,1694175974
2025-10-30,19:39:06.145,unknown,ETH/USD,BUY,0.0017,3708,6.30,0.000000,1694545745
2025-10-30,19:39:58.317,unknown,ETH/USD,BUY,0.004,3708,14.83,0.000000,1694545745
2025-10-30,19:40:02.741,unknown,ETH/USD,BUY,0.0213,3708,78.98,0.000000,1694545745
2025-10-30,19:40:02.844,unknown,ETH/USD,BUY,0.0076,3705,28.16,0.000000,1694585667
2025-10-30,19:40:02.922,unknown,ETH/USD,BUY,0.0194,3705,71.88,0.000000,1694585667
2025-10-30,19:40:17.799,unknown,ETH/USD,BUY,0.027,3700,99.90,0.000000,1694173869
2025-10-30,19:40:17.799,unknown,ETH/USD,BUY,0.027,3700,99.90,0.000000,1694175973
2025-10-30,19:40:17.799,unknown,ETH/USD,BUY,0.027,3700,99.90,0.000000,1694176488
2025-10-30,23:28:24.668,unknown,ETH/USD,SELL,0.0007,3781,2.65,0.000000,1695024055
2025-10-30,23:29:23.787,unknown,ETH/USD,SELL,0.0257,3781,97.17,0.000000,1695024055
2025-10-31,01:16:48.097,unknown,ETH/USD,SELL,0.0259,3856.6,99.89,0.000000,1695024058
2025-10-31,04:22:01.406,unknown,ETH/USD,SELL,0.0259,3863.8,100.07,0.000000,1695026022
2025-10-31,11:53:18.154,unknown,ETH/USD,SELL,0.0258,3876.6,100.02,0.000000,1695030923
2025-11-03,03:11:46.766,unknown,ETH/USD,BUY,0.0264,3785.8,99.95,0.000000,1695070059
2025-11-03,15:30:53.593,unknown,ETH/USD,BUY,0.0111,3617,40.15,0.000000,1695434032
2025-11-03,15:30:54.602,unknown,ETH/USD,BUY,0.0165,3617,59.68,0.000000,1695434032
2025-11-03,15:33:26.519,unknown,ETH/USD,BUY,0.0278,3600,100.08,0.000000,1694173868
2025-11-04,05:31:04.272,unknown,ETH/USD,BUY,0.0282,3540,99.83,0.000000,1695434031
2025-11-04,05:56:46.638,unknown,ETH/USD,BUY,0.0286,3500,100.10,0.000000,1694173867
2025-11-04,16:24:03.448,unknown,ETH/USD,BUY,0.0289,3464,100.11,0.000000,1695042415
2025-11-04,16:24:05.206,unknown,ETH/USD,BUY,0.028,3463,96.96,0.000000,1695434030
2025-11-04,16:24:05.224,unknown,ETH/USD,BUY,0.0009,3463,3.12,0.000000,1695434030
2025-11-04,17:05:30.641,unknown,ETH/USD,BUY,0.0293,3409,99.88,0.000000,1695025858
2025-11-04,17:09:04.714,unknown,ETH/USD,BUY,0.0294,3400,99.96,0.000000,1694173866
2025-11-04,17:09:04.714,unknown,ETH/USD,BUY,0.0294,3400,99.96,0.000000,1694175025
2025-11-04,18:32:35.133,unknown,ETH/USD,BUY,0.0303,3300,99.99,0.000000,1694173865
2025-11-04,18:32:35.133,unknown,ETH/USD,BUY,0.0303,3300,99.99,0.000000,1694175024
2025-11-04,20:17:18.063,unknown,ETH/USD,BUY,0.0313,3200,100.16,0.000000,1694173864
2025-11-04,20:17:18.063,unknown,ETH/USD,BUY,0.0313,3200,100.16,0.000000,1694175023
2025-11-04,21:35:11.720,unknown,ETH/USD,BUY,0.0323,3100,100.13,0.000000,1694173863
2025-11-04,21:35:11.720,unknown,ETH/USD,BUY,0.0323,3100,100.13,0.000000,1694175022
2025-11-15,11:35:02.676,unknown,ETH/USD,SELL,0.9316,3157.52,2941.55,0.000298,1700107203
2025-11-15,12:43:33.709,unknown,ETH/USD,BUY,0.0316,3161,99.89,0.000000,1700114356
2025-11-15,12:44:02.880,unknown,ETH/USD,BUY,0.0138,3155.5,43.55,0.000000,1700113077
2025-11-15,12:44:13.751,unknown,ETH/USD,BUY,0.0138,3155.5,43.55,0.000000,1700113077
2025-11-15,12:46:12.957,unknown,ETH/USD,BUY,0.0039,3155.5,12.31,0.000000,1700113077
2025-11-15,13:08:40.128,unknown,ETH/USD,SELL,0.0316,3163.5,99.97,0.000000,1700115495
2025-11-15,18:13:39.044,unknown,ETH/USD,SELL,0.0004,3226.8,1.29,0.000000,1700115496
2025-11-15,18:13:54.336,unknown,ETH/USD,SELL,0.0306,3226.8,98.74,0.000000,1700115496
2025-11-15,21:44:06.936,unknown,ETH/USD,BUY,0.0002,3155.5,0.63,0.000000,1700113077
2025-11-16,16:00:53.312,unknown,ETH/USD,BUY,0.0323,3097.8,100.06,0.000000,1700114355
2025-11-16,16:03:46.813,unknown,ETH/USD,BUY,0.0323,3092.4,99.88,0.000000,1700113076
2025-11-16,16:03:48.481,unknown,ETH/USD,BUY,0.0324,3088,100.05,0.000000,1700110461
2025-11-16,16:18:29.879,unknown,ETH/USD,BUY,0.0324,3087,100.02,0.000000,1700111952
2025-11-16,17:56:12.894,unknown,ETH/USD,BUY,0.033,3034.6,100.14,0.000000,1700114351
2025-11-16,23:02:54.144,unknown,ETH/USD,BUY,0.033,3029.3,99.97,0.000000,1700113075
2025-11-16,23:02:54.952,unknown,ETH/USD,BUY,0.005,3025,15.13,0.000000,1700110460
2025-11-16,23:02:55.020,unknown,ETH/USD,BUY,0.0281,3025,85.00,0.000000,1700110460
2025-11-16,23:02:55.094,unknown,ETH/USD,BUY,0.0331,3024,100.09,0.000000,1700111951
2025-11-17,20:00:26.974,unknown,ETH/USD,BUY,0.0051,2971.4,15.15,0.000000,1700114350
2025-11-17,20:00:41.980,unknown,ETH/USD,BUY,0.0286,2971.4,84.98,0.000000,1700114350
2025-11-17,20:02:05.806,unknown,ETH/USD,BUY,0.0335,2966.2,99.37,0.000000,1700113074
2025-11-17,20:02:30.782,unknown,ETH/USD,BUY,0.0002,2966.2,0.59,0.000000,1700113074
2025-11-17,20:03:47.558,unknown,ETH/USD,BUY,0.0338,2962,100.12,0.000000,1700110459
2025-11-17,20:03:59.645,unknown,ETH/USD,BUY,0.0338,2961,100.08,0.000000,1700111950
2025-11-19,14:45:32.378,unknown,ETH/USD,SELL,0.0327,3062.5,100.14,0.000000,1701799329
2025-11-19,15:37:04.344,unknown,ETH/USD,BUY,0.0134,3001.2,40.22,0.000000,1701821334
2025-11-19,15:37:04.375,unknown,ETH/USD,BUY,0.0199,3001.2,59.72,0.000000,1701821334
2025-11-19,17:37:20.821,unknown,ETH/USD,BUY,0.0342,2908.2,99.46,0.000000,1700114349
2025-11-19,17:37:20.840,unknown,ETH/USD,BUY,0.0002,2908.2,0.58,0.000000,1700114349
2025-11-19,17:37:38.006,unknown,ETH/USD,BUY,0.0342,2903.1,99.29,0.000000,1700113073
2025-11-19,17:37:38.983,unknown,ETH/USD,BUY,0.0002,2903.1,0.58,0.000000,1700113073
2025-11-19,18:18:13.621,unknown,ETH/USD,BUY,0.0345,2899,100.02,0.000000,1700110458
2025-11-19,18:18:13.682,unknown,ETH/USD,BUY,0.0345,2898,99.98,0.000000,1700111949
2025-11-20,16:49:32.490,unknown,ETH/USD,BUY,0.035,2855,99.92,0.000000,1700121025
2025-11-20,17:03:42.821,unknown,ETH/USD,BUY,0.0351,2845,99.86,0.000000,1700114347
2025-11-20,17:05:00.468,unknown,ETH/USD,BUY,0.0352,2840,99.97,0.000000,1700113072
2025-11-20,17:05:16.060,unknown,ETH/USD,BUY,0.0353,2836,100.11,0.000000,1700110455
2025-11-20,17:05:16.060,unknown,ETH/USD,BUY,0.0353,2835,100.08,0.000000,1700111948
2025-11-20,18:35:53.606,unknown,ETH/USD,SELL,0.0355,2819.72,100.10,0.000011,1702511960
2025-11-20,21:21:55.768,unknown,ETH/USD,SELL,0.0348,2872.8,99.97,0.000000,1702511963
2025-11-20,22:11:22.653,unknown,ETH/USD,SELL,0.0345,2895.8,99.91,0.000000,1702546179
2025-11-20,23:37:47.271,unknown,ETH/USD,BUY,0.0352,2839,99.93,0.000000,1702573610
2025-11-23,01:42:55.105,unknown,ETH/USD,SELL,0.0357,2803,100.07,0.000000,1703707698
2025-11-24,17:25:36.801,unknown,ETH/USD,SELL,0.0345,2895.8,99.91,0.000000,1702597208
2025-11-24,17:54:21.454,unknown,ETH/USD,SELL,0.0341,2929.1,99.88,0.000000,1702511965
2025-11-24,18:48:44.396,unknown,ETH/USD,SELL,0.0339,2952.6,100.09,0.000000,1702546180
2025-11-26,17:33:13.390,unknown,ETH/USD,SELL,0.0196,2985.4,58.51,0.000000,1702511967
2025-11-26,17:33:14.352,unknown,ETH/USD,SELL,0.0139,2985.4,41.50,0.000000,1702511967
2025-11-26,17:37:06.010,unknown,ETH/USD,SELL,0.0332,3009.4,99.91,0.000000,1702546182
2025-11-26,18:15:40.181,unknown,ETH/USD,SELL,0.0329,3041.7,100.07,0.000000,1702511968
2025-11-27,01:54:26.944,unknown,ETH/USD,BUY,0.0021,3035.35,6.37,0.000001,1705342269
2025-11-27,01:54:26.944,unknown,ETH/USD,BUY,0.0011,3035.35,3.34,0.000000,1705342269
2025-11-27,01:54:29.542,unknown,ETH/USD,SELL,0.0032,3033.7,9.71,0.000001,1705342300
2025-11-27,02:42:08.045,unknown,ETH/USD,SELL,0.0032,3064.04,9.80,0.000000,1705358740
2025-11-27,02:48:21.526,unknown,ETH/USD,BUY,0.0032,3055.45,9.78,0.000000,1705362339
2025-11-27,02:51:25.985,unknown,ETH/USD,SELL,0.0032,3046.06,9.75,0.000001,1705364419
2025-11-27,03:36:30.474,unknown,ETH/USD,SELL,0.0032,3039.04,9.72,0.000001,1705376914
2025-11-27,05:09:20.532,unknown,ETH/USD,BUY,0.0032,3039.09,9.73,0.000000,1705391876
2025-11-27,05:39:13.865,unknown,ETH/USD,SELL,0.0032,3018.76,9.66,0.000001,1705405349
2025-11-27,12:22:05.101,unknown,ETH/USD,BUY,0.0033,3017.84,9.96,0.000000,1705406858
2025-11-27,18:31:27.532,unknown,ETH/USD,SELL,0.0081,3021.68,24.48,0.000000,1705617542
2025-11-27,18:32:30.174,unknown,ETH/USD,SELL,0.0082,3021.68,24.78,0.000000,1705617542
2025-11-27,18:34:08.589,unknown,ETH/USD,SELL,0.2161,3021.68,652.99,0.000000,1705617542
2025-11-27,21:03:50.039,unknown,ETH/USD,SELL,0.1686,3034.39,511.60,0.000054,1705643813
2025-11-27,21:06:20.765,unknown,ETH/USD,BUY,0.033,3033.5,100.11,0.000000,1705643833
2025-11-28,14:29:54.439,unknown,ETH/USD,SELL,0.0047,3094.2,14.54,0.000000,1705644384
2025-11-28,14:30:00.506,unknown,ETH/USD,SELL,0.0275,3094.2,85.09,0.000000,1705644384
2025-11-28,14:30:00.659,unknown,ETH/USD,SELL,0.0001,3094.2,0.31,0.000000,1705644384
2025-11-28,21:58:29.868,unknown,ETH/USD,BUY,0.0329,3039,99.98,0.000000,1706005942
2025-11-28,22:39:14.989,unknown,ETH/USD,SELL,0.0337,3036.02,102.31,0.000011,1706063262
2025-11-29,05:22:55.115,unknown,ETH/USD,BUY,0.0009,3041.5,2.74,0.000000,1706142386
2025-11-29,05:22:55.687,unknown,ETH/USD,BUY,0.032,3041.5,97.33,0.000000,1706142386
2025-11-29,05:35:46.014,unknown,ETH/USD,SELL,0.0007,3044.87,2.13,0.000000,1706143665
2025-11-29,05:41:14.856,unknown,ETH/USD,BUY,0.0329,3041,100.05,0.000000,1706143760
2025-11-29,15:35:31.850,unknown,ETH/USD,SELL,0.0007,3001.14,2.10,0.000000,1706265565
2025-11-29,17:33:28.556,unknown,ETH/USD,BUY,0.0335,2983.6,99.95,0.000000,1706141510
2025-11-29,17:33:29.124,unknown,ETH/USD,BUY,0.0336,2980.6,100.15,0.000000,1706142384
2025-11-30,01:05:59.660,unknown,ETH/USD,SELL,0.0377,3009.25,113.45,0.000000,1706363097
2025-12-01,00:10:31.855,unknown,ETH/USD,BUY,0.0342,2922.7,99.96,0.000000,1706141509
2025-12-01,00:10:33.758,unknown,ETH/USD,BUY,0.0343,2919.7,100.15,0.000000,1706142383
2025-12-01,00:45:49.732,unknown,ETH/USD,BUY,0.0349,2861.8,99.88,0.000000,1706141508
2025-12-01,00:46:38.558,unknown,ETH/USD,BUY,0.035,2858.8,100.06,0.000000,1706142382
2025-12-01,12:49:20.708,unknown,ETH/USD,BUY,0.0357,2800.9,99.99,0.000000,1706141507
2025-12-01,15:15:56.000,unknown,ETH/USD,BUY,0.0357,2797.9,99.89,0.000000,1706142381
2025-12-01,15:34:34.887,unknown,ETH/USD,BUY,0.0365,2740,100.01,0.000000,1706141505
2025-12-01,15:34:36.236,unknown,ETH/USD,BUY,0.0365,2737,99.90,0.000000,1706142380
2025-12-01,19:08:34.407,unknown,ETH/USD,BUY,0.2259,2746.82,620.51,0.000023,1707194740
2025-12-01,19:38:30.834,unknown,ETH/USD,BUY,0.0597,2744.85,163.87,0.000006,1707205349
2025-12-01,19:53:30.654,unknown,ETH/USD,BUY,0.0154,2738.79,42.18,0.000002,1707211087
2025-12-01,19:57:30.846,unknown,ETH/USD,BUY,0.011,2742.71,30.17,0.000001,1707212784
2025-12-01,20:05:00.714,unknown,ETH/USD,BUY,0.0077,2754.82,21.21,0.000001,1707216109
2025-12-01,20:15:30.670,unknown,ETH/USD,BUY,0.0055,2758.89,15.17,0.000001,1707223239
2025-12-02,03:42:28.446,unknown,ETH/USD,SELL,0.6373,2803.5,1786.67,0.178667,1707457727
2025-12-02,22:18:19.294,unknown,ETH/USD,BUY,1.3776,3012.06,4149.41,0.000138,1707802225
2025-12-02,22:35:42.540,unknown,ETH/USD,BUY,0.021,3012.19,63.26,0.000002,1707803515
2025-12-02,22:43:11.609,unknown,ETH/USD,SELL,0.021,3014.13,63.30,0.006330,1707803974
2025-12-02,23:15:45.513,unknown,ETH/USD,BUY,0.0167,3011.3,50.29,0.000002,1707806141
2025-12-03,00:21:34.722,unknown,ETH/USD,BUY,0.009,2997.82,26.98,0.000001,1707809829
2025-12-03,01:50:20.512,unknown,ETH/USD,SELL,0.0786,3018.08,237.22,0.000000,1707808695
2025-12-03,01:50:37.691,unknown,ETH/USD,BUY,0.0292,3022.38,88.25,0.000003,1707816484
2025-12-03,03:06:02.538,unknown,ETH/USD,BUY,0.0393,3026.18,118.93,0.000004,1707827741
2025-12-03,03:12:10.995,unknown,ETH/USD,BUY,0.0056,3024.75,16.94,0.000001,1707828273
2025-12-16,13:34:07.629,unknown,ETH/USD,BUY,0.0203,2946.15,59.81,0.000020,1710601416
2025-12-16,13:59:26.714,unknown,ETH/USD,BUY,0.0202,2920.56,59.00,0.000020,1710601415
2025-12-16,13:59:37.178,unknown,ETH/USD,BUY,0.0003,2920.56,0.88,0.000000,1710601415
2025-12-16,14:01:19.418,unknown,ETH/USD,BUY,0.0207,2895.19,59.93,0.000021,1710601414
2025-08-30,09:12:37.360,unknown,SOL/USD,BUY,0.228,203.03,46.29,0.001368,997163107
2025-08-30,09:20:03.902,unknown,SOL/USD,BUY,0.513,203.03,104.15,0.003078,997163221
2025-08-30,09:20:03.902,unknown,SOL/USD,BUY,0.051,203.04,10.36,0.000306,997163221
2025-09-01,06:33:28.893,unknown,SOL/USD,BUY,0.05,199.15,9.96,0.000300,997206082
2025-09-03,08:09:02.576,unknown,SOL/USD,SELL,3.055,209.73,640.73,3.844351,997267373
2025-10-08,03:16:11.079,unknown,SOL/USD,BUY,0.425,219.83,93.43,0.000145,998713044
2025-10-09,06:01:40.028,unknown,SOL/USD,BUY,0.049,227.82,11.16,0.000017,998839068
2025-10-09,06:02:24.780,unknown,SOL/USD,BUY,0.046,227.82,10.48,0.000016,998839116
2025-10-24,20:11:13.632,unknown,SOL/USD,SELL,0.105,193.75,20.34,0.000000,1000916956
2025-10-24,20:23:52.188,unknown,SOL/USD,SELL,0.205,193.75,39.72,0.000000,1000916956
2025-10-25,10:04:57.983,unknown,SOL/USD,BUY,0.312,192.5,60.06,0.000000,1000949064
2025-10-25,15:02:05.088,unknown,SOL/USD,BUY,0.311,192.5,59.87,0.000000,1001007148
2025-10-25,15:02:39.955,unknown,SOL/USD,BUY,0.001,192.5,0.19,0.000000,1001007148
2025-10-26,09:24:27.563,unknown,SOL/USD,SELL,0.308,195,60.06,0.000000,1000984240
2025-10-26,09:24:27.563,unknown,SOL/USD,SELL,0.308,195,60.06,0.000000,1001009379
2025-10-26,21:12:24.710,unknown,SOL/USD,BUY,0.304,197.5,60.04,0.000000,1001152547
2025-10-26,22:03:28.716,unknown,SOL/USD,SELL,0.3,200,60.00,0.000000,1001177493
2025-10-27,07:40:11.933,unknown,SOL/USD,BUY,0.296,202.5,59.94,0.000000,1001235530
2025-10-27,09:02:31.470,unknown,SOL/USD,BUY,0.147,200,29.40,0.000000,1001235526
2025-10-27,09:02:32.382,unknown,SOL/USD,BUY,0.153,200,30.60,0.000000,1001235526
2025-10-27,16:39:10.217,unknown,SOL/USD,SELL,0.296,202.5,59.94,0.000000,1001313364
2025-10-27,20:01:06.240,unknown,SOL/USD,BUY,0.3,200,60.00,0.000000,1001392298
2025-10-27,23:09:38.866,unknown,SOL/USD,BUY,0.304,197.5,60.04,0.000000,1001185051
2025-10-28,00:23:57.285,unknown,SOL/USD,SELL,0.3,200,60.00,0.000000,1001456460
2025-10-28,05:37:25.773,unknown,SOL/USD,BUY,0.3,200,60.00,0.000000,1001493773
2025-10-28,06:48:30.049,unknown,SOL/USD,SELL,0.3,200,60.00,0.000000,1001516883
2025-10-28,07:09:54.982,unknown,SOL/USD,SELL,0.007,202.5,1.42,0.000000,1001428476
2025-10-28,07:17:25.122,unknown,SOL/USD,SELL,0.289,202.5,58.52,0.000000,1001428476
2025-10-28,14:45:32.613,unknown,SOL/USD,BUY,0.304,197.5,60.04,0.000000,1001467195
2025-10-28,19:51:24.974,unknown,SOL/USD,BUY,0.308,195,60.06,0.000000,1001113725
2025-10-28,20:20:53.804,unknown,SOL/USD,BUY,0.312,192.5,60.06,0.000000,1001076528
2025-10-29,13:03:02.426,unknown,SOL/USD,SELL,0.3,200,60.00,0.000000,1001687161
2025-10-29,18:35:54.391,unknown,SOL/USD,BUY,0.308,195,60.06,0.000000,1001861088
2025-10-29,18:39:58.526,unknown,SOL/USD,BUY,0.316,190,60.04,0.000000,1000949063
2025-10-29,18:53:41.593,unknown,SOL/USD,SELL,0.2,195,39.00,0.000000,1001981972
2025-10-29,18:53:41.608,unknown,SOL/USD,SELL,0.108,195,21.06,0.000000,1001981972
2025-10-29,19:05:22.249,unknown,SOL/USD,SELL,0.308,194.5,59.91,0.000000,1001990389
2025-10-30,12:25:45.299,unknown,SOL/USD,BUY,0.316,190,60.04,0.000000,1001986451
2025-10-30,12:26:03.573,unknown,SOL/USD,BUY,0.2,189.63,37.93,0.000000,1001991183
2025-10-30,12:26:03.770,unknown,SOL/USD,BUY,0.116,189.63,22.00,0.000000,1001991183
2025-10-30,12:41:48.761,unknown,SOL/USD,BUY,0.32,187.5,60.00,0.000000,1000943235
2025-10-30,12:41:48.761,unknown,SOL/USD,BUY,0.32,187.5,60.00,0.000000,1000949062
2025-10-30,15:46:39.915,unknown,SOL/USD,BUY,0.324,185,59.94,0.000000,1000949061
2025-10-30,18:41:44.602,unknown,SOL/USD,BUY,0.331,181.25,59.99,0.000000,1000943234
2025-10-30,23:17:55.913,unknown,SOL/USD,SELL,0.164,183.02,30.02,0.000003,1002436867
2025-10-30,23:17:55.913,unknown,SOL/USD,SELL,0.164,183,30.01,0.000003,1002436867
2025-10-30,23:54:02.683,unknown,SOL/USD,SELL,0.325,184.5,59.96,0.000000,1002440069
2025-10-31,05:27:59.205,unknown,SOL/USD,SELL,0.293,187.5,54.94,0.000000,1002436868
2025-10-31,11:48:18.400,unknown,SOL/USD,SELL,0.027,187.5,5.06,0.000000,1002436868
2025-11-03,03:10:07.151,unknown,SOL/USD,BUY,0.329,182.25,59.96,0.000000,1002531894
2025-11-03,03:32:28.046,unknown,SOL/USD,BUY,0.2,179.88,35.98,0.000000,1002441979
2025-11-03,03:32:28.538,unknown,SOL/USD,BUY,0.134,179.88,24.10,0.000000,1002441979
2025-11-03,03:45:31.099,unknown,SOL/USD,BUY,0.336,178.5,59.98,0.000000,1002436899
2025-11-03,06:46:37.364,unknown,SOL/USD,BUY,0.343,175,60.02,0.000000,1000943233
2025-11-03,15:26:52.254,unknown,SOL/USD,BUY,0.347,172.75,59.94,0.000000,1002492725
2025-11-03,15:27:59.823,unknown,SOL/USD,BUY,0.352,170,59.84,0.000000,1002584775
2025-11-03,15:28:00.725,unknown,SOL/USD,BUY,0.001,170,0.17,0.000000,1002584775
2025-11-03,15:29:37.443,unknown,SOL/USD,BUY,0.356,168.75,60.08,0.000000,1000943232
2025-11-04,05:21:24.754,unknown,SOL/USD,BUY,0.369,162.5,59.96,0.000000,1000943231
2025-11-04,07:48:15.135,unknown,SOL/USD,BUY,0.315,156.25,49.22,0.000000,1000943228
2025-11-04,07:48:15.736,unknown,SOL/USD,BUY,0.069,156.25,10.78,0.000000,1000943228
2025-11-04,20:17:57.197,unknown,SOL/USD,BUY,0.4,150,60.00,0.000000,1000943227
2025-11-12,17:34:06.148,unknown,SOL/USD,SELL,0.52,154.01,80.09,0.000000,1006148956
2025-11-15,11:35:03.004,unknown,SOL/USD,SELL,5.147,140.47,723.00,0.000073,1007403354
2025-11-15,21:32:27.988,unknown,SOL/USD,BUY,0.095,140,13.30,0.000000,1007406019
2025-11-15,21:32:30.114,unknown,SOL/USD,BUY,0.037,140,5.18,0.000000,1007406019
2025-11-15,21:32:30.165,unknown,SOL/USD,BUY,0.297,140,41.58,0.000000,1007406019
2025-11-16,16:17:07.689,unknown,SOL/USD,BUY,0.44,136.5,60.06,0.000000,1007406018
2025-11-17,17:38:57.332,unknown,SOL/USD,BUY,0.451,133,59.98,0.000000,1007406017
2025-11-17,19:34:05.165,unknown,SOL/USD,BUY,0.249,129.5,32.25,0.000000,1007406016
2025-11-17,20:00:06.090,unknown,SOL/USD,BUY,0.214,129.5,27.71,0.000000,1007406016
2025-11-19,02:05:36.035,unknown,SOL/USD,SELL,0.427,140.5,59.99,0.000000,1008646698
2025-11-19,13:52:19.876,unknown,SOL/USD,BUY,0.438,136.88,59.95,0.000000,1008650489
2025-11-20,02:04:42.735,unknown,SOL/USD,SELL,0.427,140.5,59.99,0.000000,1008783927
2025-11-20,03:19:22.405,unknown,SOL/USD,SELL,0.416,144.13,59.96,0.000000,1008646702
2025-11-20,14:05:17.876,unknown,SOL/USD,BUY,0.034,139.88,4.76,0.000000,1009087949
2025-11-20,14:05:22.499,unknown,SOL/USD,BUY,0.013,139.88,1.82,0.000000,1009087949
2025-11-20,14:05:48.570,unknown,SOL/USD,BUY,0.382,139.88,53.43,0.000000,1009087949
2025-11-20,16:07:38.430,unknown,SOL/USD,BUY,0.44,136.5,60.06,0.000000,1009061942
2025-11-21,07:34:00.056,unknown,SOL/USD,BUY,0.476,126,59.98,0.000000,1007406015
2025-11-21,07:34:27.832,unknown,SOL/USD,BUY,0.486,123.38,59.96,0.000000,1009380586
2025-11-21,07:40:45.339,unknown,SOL/USD,SELL,0.471,127.5,60.05,0.000000,1009663184
2025-11-21,11:48:04.862,unknown,SOL/USD,BUY,0.483,124.25,60.01,0.000000,1009666646
2025-11-21,13:17:31.631,unknown,SOL/USD,SELL,0.471,127.5,60.05,0.000000,1009838723
2025-11-21,16:18:07.322,unknown,SOL/USD,BUY,0.108,124.25,13.42,0.000000,1009910756
2025-11-21,16:18:07.387,unknown,SOL/USD,BUY,0.375,124.25,46.59,0.000000,1009910756
2025-11-21,16:52:40.080,unknown,SOL/USD,SELL,0.471,127.5,60.05,0.000000,1010051580
2025-11-23,02:34:54.084,unknown,SOL/USD,SELL,0.058,130.63,7.58,0.000000,1010602050
2025-11-23,02:35:06.756,unknown,SOL/USD,SELL,0.401,130.63,52.38,0.000000,1010602050
2025-11-24,18:30:03.121,unknown,SOL/USD,BUY,7.45,136.97,1020.43,0.000000,1011117402
2025-11-24,22:07:12.426,unknown,SOL/USD,SELL,0.136,139.88,19.02,0.000000,1009268029
2025-11-25,23:12:04.852,unknown,SOL/USD,SELL,0.293,139.88,40.98,0.000000,1009268029
2025-11-26,09:06:40.111,unknown,SOL/USD,BUY,0.436,137.5,59.95,0.000000,1011432323
2025-11-26,17:45:08.968,unknown,SOL/USD,SELL,0.429,140,60.06,0.000000,1011469804
2025-11-26,18:15:37.146,unknown,SOL/USD,SELL,0.419,143.25,60.02,0.000000,1009199013
2025-11-27,01:05:20.526,unknown,SOL/USD,SELL,0.42,143.3,60.19,0.000006,1011733568
2025-11-27,08:22:30.254,unknown,SOL/USD,BUY,0.07,142.63,9.98,0.000000,1011789190
2025-11-27,08:28:17.118,unknown,SOL/USD,SELL,0.07,142.19,9.95,0.000001,1011790407
2025-11-27,21:29:06.617,unknown,SOL/USD,SELL,0.042,142.5,5.99,0.000000,1011876670
2025-11-27,21:30:03.191,unknown,SOL/USD,SELL,0.379,142.5,54.01,0.000000,1011876670
2025-11-28,02:19:35.584,unknown,SOL/USD,BUY,0.425,138.88,59.02,0.000000,1011876669
2025-11-28,02:24:27.600,unknown,SOL/USD,SELL,0.432,139,60.05,0.000000,1011912125
2025-11-28,02:30:00.638,unknown,SOL/USD,BUY,0.007,138.88,0.97,0.000000,1011876669
2025-11-28,04:16:11.312,unknown,SOL/USD,SELL,0.429,140,60.06,0.000000,1011902950
2025-11-28,08:52:06.814,unknown,SOL/USD,SELL,0.424,141.5,60.00,0.000000,1011888364
2025-11-28,09:10:14.195,unknown,SOL/USD,SELL,0.421,142.5,59.99,0.000000,1011912127
2025-11-28,15:34:53.159,unknown,SOL/USD,SELL,0.418,143.5,59.98,0.000000,1011908491
2025-11-28,16:58:00.044,unknown,SOL/USD,BUY,0.432,139,60.05,0.000000,1011945326
2025-11-28,19:42:02.861,unknown,SOL/USD,SELL,0.073,138,10.07,0.000000,1012065701
2025-11-28,21:00:11.325,unknown,SOL/USD,SELL,0.362,138,49.96,0.000000,1012065701
2025-11-28,22:23:00.221,unknown,SOL/USD,BUY,0.438,137,60.01,0.000000,1012063480
2025-11-29,05:08:05.117,unknown,SOL/USD,SELL,0.156,137.43,21.44,0.000002,1012101253
2025-11-29,05:08:05.117,unknown,SOL/USD,SELL,5.953,137.43,818.12,0.000088,1012101253
2025-11-29,05:10:49.551,unknown,SOL/USD,BUY,0.108,137.5,14.85,0.000000,1012101261
2025-11-29,05:18:45.176,unknown,SOL/USD,BUY,0.327,137.5,44.96,0.000000,1012101261
2025-11-29,05:21:48.550,unknown,SOL/USD,SELL,0.435,137.53,59.83,0.000006,1012102394
2025-11-29,05:50:27.504,unknown,SOL/USD,BUY,0.001,137.5,0.14,0.000000,1012101261
2025-11-30,23:53:25.129,unknown,SOL/USD,BUY,0.447,134.13,59.96,0.000000,1012101260
2025-12-01,00:18:20.209,unknown,SOL/USD,BUY,0.052,130.75,6.80,0.000000,1012101259
2025-12-01,00:19:08.568,unknown,SOL/USD,BUY,0.405,130.75,52.95,0.000000,1012101259
2025-12-01,00:19:08.574,unknown,SOL/USD,BUY,0.002,130.75,0.26,0.000000,1012101259
2025-12-01,03:01:22.035,unknown,SOL/USD,BUY,0.471,127.38,60.00,0.000000,1012101258
2025-12-01,15:34:16.302,unknown,SOL/USD,BUY,0.484,124,60.02,0.000000,1012101257
2025-12-01,19:09:04.481,unknown,SOL/USD,BUY,4.484,123.86,555.39,0.000448,1012623585
2025-12-01,19:17:30.763,unknown,SOL/USD,BUY,3.586,124.07,444.92,0.000359,1012625812
2025-12-01,19:21:00.828,unknown,SOL/USD,BUY,2.876,123.92,356.39,0.000288,1012626569
2025-12-01,19:25:30.766,unknown,SOL/USD,BUY,2.578,123.73,318.98,0.000258,1012627935
2025-12-01,19:42:30.697,unknown,SOL/USD,BUY,0.838,123.91,103.84,0.000084,1012632027
2025-12-01,19:45:00.926,unknown,SOL/USD,BUY,0.672,123.75,83.16,0.000067,1012632507
2025-12-01,19:55:30.792,unknown,SOL/USD,BUY,0.273,123.89,33.82,0.000027,1012634923
2025-12-01,20:20:00.735,unknown,SOL/USD,BUY,0.11,124.8,13.73,0.000011,1012642128
2025-12-01,20:21:30.738,unknown,SOL/USD,BUY,0.099,124.58,12.33,0.000010,1012642513
2025-12-02,03:42:27.819,unknown,SOL/USD,SELL,17.376,127.28,2211.62,0.221162,1012726131
2025-12-02,22:19:19.707,unknown,SOL/USD,BUY,19.857,139.47,2769.46,0.001986,1012991330
2025-12-02,22:35:43.263,unknown,SOL/USD,BUY,0.456,139.27,63.51,0.000046,1012992623
2025-12-02,22:58:41.625,unknown,SOL/USD,SELL,0.456,139.74,63.72,0.006372,1012994770
2025-12-02,23:21:15.880,unknown,SOL/USD,BUY,0.29,139.02,40.32,0.000029,1012997145
2025-12-02,23:21:45.228,unknown,SOL/USD,SELL,0.29,138.87,40.27,0.004027,1012997203
2025-12-02,23:21:46.522,unknown,SOL/USD,BUY,0.29,138.94,40.29,0.000029,1012997207
2025-12-02,23:22:15.231,unknown,SOL/USD,SELL,0.29,138.85,40.27,0.004027,1012997228
2025-12-02,23:22:16.525,unknown,SOL/USD,BUY,0.29,138.95,40.30,0.000029,1012997229
2025-12-02,23:22:45.226,unknown,SOL/USD,SELL,0.043,138.82,5.97,0.000597,1012997258
2025-12-02,23:22:45.226,unknown,SOL/USD,SELL,0.247,138.82,34.29,0.003429,1012997258
2025-12-02,23:22:46.512,unknown,SOL/USD,BUY,0.29,138.94,40.29,0.000029,1012997259
2025-12-02,23:23:15.442,unknown,SOL/USD,SELL,0.29,138.82,40.26,0.004026,1012997267
2025-12-02,23:23:16.662,unknown,SOL/USD,BUY,0.29,138.93,40.29,0.000029,1012997268
2025-12-02,23:23:44.726,unknown,SOL/USD,SELL,0.29,138.8,40.25,0.004025,1012997296
2025-12-02,23:23:46.591,unknown,SOL/USD,BUY,0.29,138.88,40.28,0.000029,1012997297
2025-12-02,23:24:14.786,unknown,SOL/USD,SELL,0.14,138.77,19.43,0.001943,1012997355
2025-12-02,23:24:14.786,unknown,SOL/USD,SELL,0.15,138.77,20.82,0.002082,1012997355
2025-12-02,23:24:16.074,unknown,SOL/USD,BUY,0.084,138.78,11.66,0.000008,1012997361
2025-12-02,23:24:16.074,unknown,SOL/USD,BUY,0.149,138.94,20.70,0.000015,1012997361
2025-12-02,23:24:44.653,unknown,SOL/USD,SELL,0.233,138.86,32.35,0.003235,1012997386
2025-12-02,23:24:45.876,unknown,SOL/USD,BUY,0.233,138.92,32.37,0.000023,1012997392
2025-12-02,23:25:14.656,unknown,SOL/USD,SELL,0.233,138.82,32.35,0.003235,1012997398
2025-12-02,23:25:15.801,unknown,SOL/USD,BUY,0.233,138.92,32.37,0.000023,1012997399
2025-12-02,23:25:45.156,unknown,SOL/USD,SELL,0.233,138.77,32.33,0.003233,1012997416
2025-12-02,23:25:46.013,unknown,SOL/USD,BUY,0.233,138.89,32.36,0.000023,1012997417
2025-12-02,23:26:15.155,unknown,SOL/USD,SELL,0.233,138.72,32.32,0.003232,1012997483
2025-12-02,23:26:15.806,unknown,SOL/USD,BUY,0.233,138.85,32.35,0.000023,1012997484
2025-12-02,23:26:45.308,unknown,SOL/USD,SELL,0.233,138.71,32.32,0.003232,1012997533
2025-12-02,23:26:46.535,unknown,SOL/USD,BUY,0.176,138.72,24.41,0.000018,1012997534
2025-12-02,23:26:46.535,unknown,SOL/USD,BUY,0.114,138.79,15.82,0.000011,1012997534
2025-12-02,23:27:14.731,unknown,SOL/USD,SELL,0.29,138.74,40.23,0.004023,1012997575
2025-12-02,23:27:16.598,unknown,SOL/USD,BUY,0.29,138.87,40.27,0.000029,1012997578
2025-12-02,23:27:44.731,unknown,SOL/USD,SELL,0.29,138.71,40.23,0.004023,1012997604
2025-12-02,23:27:46.535,unknown,SOL/USD,BUY,0.29,138.78,40.25,0.000029,1012997609
2025-12-02,23:28:14.734,unknown,SOL/USD,SELL,0.29,138.71,40.23,0.004023,1012997623
2025-12-02,23:28:16.603,unknown,SOL/USD,BUY,0.29,138.81,40.25,0.000029,1012997625
2025-12-02,23:28:44.658,unknown,SOL/USD,SELL,0.29,138.71,40.23,0.004023,1012997642
2025-12-02,23:28:46.018,unknown,SOL/USD,BUY,0.233,138.81,32.34,0.000023,1012997643
2025-12-02,23:29:14.734,unknown,SOL/USD,SELL,0.233,138.77,32.33,0.003233,1012997672
2025-12-02,23:29:16.535,unknown,SOL/USD,BUY,0.289,138.89,40.14,0.000029,1012997674
2025-12-02,23:29:44.731,unknown,SOL/USD,SELL,0.289,138.77,40.10,0.004010,1012997704
2025-12-02,23:29:46.602,unknown,SOL/USD,BUY,0.289,138.89,40.14,0.000029,1012997705
2025-12-02,23:30:14.662,unknown,SOL/USD,SELL,0.289,138.81,40.12,0.004012,1012997734
2025-12-02,23:30:15.882,unknown,SOL/USD,BUY,0.232,138.94,32.23,0.000023,1012997738
2025-12-02,23:30:44.658,unknown,SOL/USD,SELL,0.232,138.89,32.22,0.003222,1012997781
2025-12-02,23:30:45.808,unknown,SOL/USD,BUY,0.232,139,32.25,0.000023,1012997784
2025-12-02,23:31:15.159,unknown,SOL/USD,SELL,0.232,138.9,32.22,0.003222,1012997801
2025-12-02,23:31:15.809,unknown,SOL/USD,BUY,0.232,138.99,32.25,0.000023,1012997803
2025-12-02,23:31:45.161,unknown,SOL/USD,SELL,0.232,138.92,32.23,0.003223,1012997839
2025-12-02,23:31:45.805,unknown,SOL/USD,BUY,0.232,139.04,32.26,0.000023,1012997840
2025-12-02,23:32:15.159,unknown,SOL/USD,SELL,0.232,139.03,32.25,0.003226,1012997916
2025-12-02,23:32:15.804,unknown,SOL/USD,BUY,0.232,139.14,32.28,0.000023,1012997917
2025-12-03,00:21:35.445,unknown,SOL/USD,BUY,0.196,137.91,27.03,0.000020,1013002123
2025-12-03,01:50:38.346,unknown,SOL/USD,BUY,0.669,139.01,93.00,0.000067,1013012257
2025-12-03,03:06:33.142,unknown,SOL/USD,BUY,0.596,140.02,83.45,0.000060,1013023534
2025-12-03,03:12:41.617,unknown,SOL/USD,BUY,0.085,139.97,11.90,0.000008,1013024083
2025-12-16,12:18:32.587,unknown,SOL/USD,BUY,0.311,128.59,39.99,0.000311,1015751173
2025-12-16,12:18:32.587,unknown,SOL/USD,BUY,0.303,128.59,38.96,0.000303,1015751953
2025-12-16,12:23:31.453,unknown,SOL/USD,BUY,0.303,128.59,38.96,0.000303,1015752441
2025-12-16,12:23:40.732,unknown,SOL/USD,BUY,0.008,128.59,1.03,0.000008,1015752441
2025-12-16,13:59:57.328,unknown,SOL/USD,BUY,0.314,127.05,39.89,0.000314,1015752438
2025-12-17,14:57:28.155,unknown,BTC/USD,SELL,0.00111,89370.44,99.20,0.000000,2302429660
2025-12-17,15:00:10.977,live-btc-bot,BTC/USD,SELL,0.00111,89711.54,99.58,0.000000,2302429661
2025-12-17,15:07:10.382,live-btc-bot,BTC/USD,SELL,0.00111,90148.88,100.07,0.000000,2302429662
2025-12-17,16:21:13.245,live-eth-bot,ETH/USD,BUY,0.0209,2866.12,59.90,0.000000,1710601413
2025-12-17,16:23:13.114,live-sol-bot,SOL/USD,BUY,0.318,125.54,39.92,0.000000,1015752435
2025-12-17,16:32:13.503,live-eth-bot,ETH/USD,BUY,0.021,2845.11,59.75,0.000000,1710601412
2025-12-17,16:43:13.610,live-sol-bot,SOL/USD,BUY,0.322,124.04,39.94,0.000000,1015752434
2025-12-17,18:48:58.344,live-btc-bot,BTC/USD,BUY,0.00116,85837.71,99.57,0.000000,2302848344
2025-12-17,19:05:58.838,live-btc-bot,BTC/USD,BUY,0.00116,85451.44,99.12,0.000000,2302848338
2025-12-17,20:18:20.324,live-sol-bot,SOL/USD,SELL,0.325,122.77,39.90,0.000000,1015991032
2025-12-17,20:22:20.175,live-eth-bot,ETH/USD,SELL,0.0211,2832,59.76,0.000000,1710828194
2025-12-17,20:22:20.358,live-btc-bot,BTC/USD,SELL,0.00116,86199.67,99.99,0.000000,2302877830